country,year,co2_emissions
Mexico,1970,120.8969
Sudan,1970,3.4371
Estonia,1970,21.3487
Norway,1970,36.3784
Eswatini,1970,0.257
Latvia,1970,11.3365
Bermuda,1970,0.1388
Guam,1970,1.0E-4
Mongolia,1970,5.5788
Israel,1970,14.9146
Argentina,1970,87.6199
Uruguay,1970,5.4193
Jordan,1970,2.7408
Zimbabwe,1970,9.5321
Libya,1970,40.0356
Grenada,1970,0.0114
Morocco,1970,6.9356
Northern Mariana Islands,1970,0.0
Thailand,1970,20.1643
Ethiopia,1970,1.1679
Albania,1970,4.8451
North Macedonia,1970,9.2244
Faroe Islands,1970,9.0E-4
Burkina Faso,1970,0.2267
Greenland,1970,8.0E-4
Mozambique,1970,3.1582
Sri Lanka,1970,3.121
Nigeria,1970,28.8483
Fiji,1970,0.7117
Niger,1970,0.2105
Finland,1970,41.572
Burundi,1970,0.0583
Greece,1970,28.9447
Myanmar,1970,4.8125
Spain,1970,142.8352
Nicaragua,1970,1.6554
France,1970,469.2134
Antigua and Barbuda,1970,0.1027
Uzbekistan,1970,54.014
Belize,1970,0.0599
New Zealand,1970,15.4916
French Polynesia,1970,0.1414
New Caledonia,1970,1.0776
Ireland,1970,20.6624
Vanuatu,1970,0.0751
Angola,1970,8.9339
Cabo Verde,1970,0.15
Gabon,1970,0.6038
Netherlands,1970,134.1426
Georgia,1970,23.9321
Gibraltar,1970,0.0695
Namibia,1970,0.7402
South Africa,1970,185.5633
Nepal,1970,0.3337
Germany,1970,1084.1188
Nauru,1970,0.0
Ghana,1970,2.3446
Cambodia,1970,0.2134
Turks and Caicos Islands,1970,0.0033
Kiribati,1970,0.0188
Kenya,1970,3.7483
Bangladesh,1970,3.3393
Solomon Islands,1970,0.0659
Cameroon,1970,1.1807
Togo,1970,0.5454
Lithuania,1970,19.9282
Bhutan,1970,0.0351
Slovenia,1970,9.6877
Canada,1970,358.1619
Lebanon,1970,5.4315
Austria,1970,53.0045
Bahrain,1970,3.2202
Iraq,1970,23.5611
Luxembourg,1970,19.6803
Belgium,1970,139.5287
Ukraine,1970,474.5121
Japan,1970,848.732
Singapore,1970,8.0008
Cayman Islands,1970,0.0258
Tuvalu,1970,0.0
Indonesia,1970,31.1237
Madagascar,1970,0.7685
Tajikistan,1970,8.1401
Sierra Leone,1970,0.3664
Central African Republic,1970,0.0757
Seychelles,1970,0.1069
Chad,1970,0.1537
Afghanistan,1970,1.7328
Bosnia and Herzegovina,1970,11.2398
India,1970,212.7961
Malawi,1970,0.3457
Belarus,1970,60.165
Senegal,1970,1.3492
Chile,1970,28.8614
Saudi Arabia,1970,52.0083
China,1970,911.5013
Barbados,1970,0.3603
Iceland,1970,1.9334
Malaysia,1970,27.4828
Turkmenistan,1970,18.7614
Sao Tome and Principe,1970,0.0144
Australia,1970,160.6939
United Arab Emirates,1970,19.4648
Colombia,1970,28.8484
Tunisia,1970,4.2609
Kuwait,1970,39.8386
Samoa,1970,0.0658
Comoros,1970,0.0219
Syrian Arab Republic,1970,6.339
Zambia,1970,3.7004
Algeria,1970,19.691
Botswana,1970,0.1536
Rwanda,1970,0.0993
Costa Rica,1970,1.4344
Kazakhstan,1970,184.9007
Hungary,1970,66.2777
Maldives,1970,0.0099
Jamaica,1970,8.0512
Russian Federation,1970,1301.3298
Croatia,1970,15.8791
Romania,1970,124.9786
Cuba,1970,21.8964
Lesotho,1970,0.0736
Honduras,1970,1.221
Mali,1970,0.2471
Tonga,1970,0.0189
Qatar,1970,14.701
Cyprus,1970,2.1681
Aruba,1970,0.0254
United Kingdom,1970,673.6238
Switzerland,1970,41.3531
Haiti,1970,0.5336
Malta,1970,0.6831
Brazil,1970,107.1388
Portugal,1970,17.487
Czechia,1970,188.294
Poland,1970,309.1133
Denmark,1970,61.9641
Philippines,1970,26.6109
Sweden,1970,96.1748
Guyana,1970,1.5025
Marshall Islands,1970,0.0
Brunei Darussalam,1970,2.0244
Djibouti,1970,0.7116
Peru,1970,17.4177
Dominica,1970,0.0076
Paraguay,1970,0.634
Benin,1970,0.4604
Guinea-Bissau,1970,0.0442
Mauritania,1970,0.3332
Italy,1970,314.6077
Dominican Republic,1970,3.8837
Papua New Guinea,1970,1.1282
Ecuador,1970,5.0207
Armenia,1970,10.0914
Liberia,1970,0.9716
Guinea,1970,0.4594
Mauritius,1970,0.3065
Timor-Leste,1970,0.0107
United States,1970,4594.806
Suriname,1970,0.627
Panama,1970,2.5998
El Salvador,1970,1.6023
Bulgaria,1970,69.0654
Viet Nam,1970,17.5073
American Samoa,1970,0.0
Azerbaijan,1970,24.1529
Palau,1970,1.9948
Equatorial Guinea,1970,0.0416
Pakistan,1970,17.8574
Eritrea,1970,0.3417
Trinidad and Tobago,1970,6.9307
Oman,1970,7.3515
Uganda,1970,0.937
Guatemala,1970,2.5031
Trinidad and Tobago,1971,6.8721
Belarus,1971,60.261
Tunisia,1971,4.2753
Turks and Caicos Islands,1971,0.0033
Bangladesh,1971,3.3461
Jamaica,1971,8.0388
Barbados,1971,0.3595
Turkmenistan,1971,18.7824
Lesotho,1971,0.0737
Italy,1971,329.2742
Liberia,1971,0.966
Israel,1971,14.9318
Libya,1971,28.1244
Ireland,1971,23.1425
Kiribati,1971,0.0188
Kenya,1971,3.7481
Kuwait,1971,42.2007
Lithuania,1971,19.9935
Iraq,1971,27.5382
Luxembourg,1971,18.2823
Indonesia,1971,31.4961
Madagascar,1971,0.7696
India,1971,213.2897
Malawi,1971,0.3423
Iceland,1971,2.0318
Malaysia,1971,27.8776
Hungary,1971,67.9282
Zambia,1971,3.8575
Algeria,1971,23.0114
Maldives,1971,0.0099
Honduras,1971,1.2213
Mali,1971,0.2458
Haiti,1971,0.5385
Malta,1971,0.6831
Guyana,1971,1.5025
Marshall Islands,1971,0.0
Guinea-Bissau,1971,0.0442
Mauritania,1971,0.3347
Guinea,1971,0.4622
Mauritius,1971,0.3066
Kazakhstan,1971,184.6426
Viet Nam,1971,17.5233
American Samoa,1971,0.0
Guatemala,1971,2.502
Mexico,1971,121.2965
Guam,1971,2.0E-4
Mongolia,1971,5.5779
Grenada,1971,0.0114
Morocco,1971,6.9594
Greenland,1971,8.0E-4
Mozambique,1971,3.1705
Greece,1971,29.9941
Myanmar,1971,4.8352
Gibraltar,1971,0.0695
Vanuatu,1971,0.0751
Angola,1971,8.5196
Namibia,1971,0.7406
Ghana,1971,2.3843
Nauru,1971,0.0
Germany,1971,1077.003
Nepal,1971,0.3348
Georgia,1971,23.655
Netherlands,1971,134.6596
Gabon,1971,1.1169
New Caledonia,1971,1.0777
French Polynesia,1971,0.1415
New Zealand,1971,15.0987
Uzbekistan,1971,54.2808
Antigua and Barbuda,1971,0.1026
Jordan,1971,2.7614
France,1971,481.3232
Nicaragua,1971,1.6628
Finland,1971,40.985
Niger,1971,0.2067
Fiji,1971,0.7206
Nigeria,1971,42.6302
Albania,1971,4.8382
Faroe Islands,1971,9.0E-4
North Macedonia,1971,8.6594
Ethiopia,1971,1.1716
Northern Mariana Islands,1971,0.0
Uruguay,1971,5.3985
Argentina,1971,87.9416
Eswatini,1971,0.257
Norway,1971,35.1004
Zimbabwe,1971,9.4795
Estonia,1971,21.374
Oman,1971,7.352
Eritrea,1971,0.3399
Pakistan,1971,18.0927
Equatorial Guinea,1971,0.0416
Palau,1971,1.9948
El Salvador,1971,1.6115
Panama,1971,2.6049
Latvia,1971,11.3513
United States,1971,4459.673
Armenia,1971,10.1074
Ecuador,1971,4.4918
Papua New Guinea,1971,1.1283
Dominican Republic,1971,3.9319
Paraguay,1971,0.6449
Dominica,1971,0.0076
Peru,1971,17.3804
Djibouti,1971,0.7116
Philippines,1971,26.8636
Denmark,1971,57.6945
Poland,1971,317.5662
Czechia,1971,188.5532
Portugal,1971,18.6416
United Kingdom,1971,668.8829
Aruba,1971,0.029
Cyprus,1971,2.1849
Qatar,1971,18.2966
Cuba,1971,22.0739
Romania,1971,125.775
Croatia,1971,16.1132
Russian Federation,1971,1302.3127
Costa Rica,1971,1.4475
Rwanda,1971,0.0994
Comoros,1971,0.0219
Samoa,1971,0.0658
Colombia,1971,29.1545
United Arab Emirates,1971,25.4298
Australia,1971,162.4245
Japan,1971,846.4325
Sao Tome and Principe,1971,0.0144
China,1971,914.9404
Saudi Arabia,1971,63.1358
Chile,1971,31.3075
Senegal,1971,1.3488
Chad,1971,0.1539
Seychelles,1971,0.1069
Central African Republic,1971,0.0757
Sierra Leone,1971,0.3665
Cayman Islands,1971,0.0276
Singapore,1971,8.0238
Ukraine,1971,474.1451
Austria,1971,55.6703
Canada,1971,365.8197
Slovenia,1971,9.72
Cameroon,1971,0.9288
Solomon Islands,1971,0.0659
Cambodia,1971,0.2164
South Africa,1971,184.4596
Cabo Verde,1971,0.15
Spain,1971,139.4015
Burundi,1971,0.0584
Sri Lanka,1971,3.1512
Afghanistan,1971,1.7326
Burkina Faso,1971,0.2269
Lebanon,1971,5.504
Uganda,1971,0.9437
Azerbaijan,1971,24.1757
Sudan,1971,3.4481
Bulgaria,1971,69.003
Suriname,1971,0.6274
Brunei Darussalam,1971,1.8711
Sweden,1971,88.9766
Brazil,1971,106.7785
Switzerland,1971,43.3132
Botswana,1971,0.1537
Syrian Arab Republic,1971,6.3711
Bosnia and Herzegovina,1971,11.2766
Tajikistan,1971,8.1736
Tuvalu,1971,0.0
Bahrain,1971,3.2389
Bhutan,1971,0.0371
Thailand,1971,20.242
Bermuda,1971,0.1387
Timor-Leste,1971,0.0108
Benin,1971,0.3625
Togo,1971,0.3725
Belize,1971,0.0599
Tonga,1971,0.0189
Belgium,1971,129.4105
Belgium,1972,141.0189
Seychelles,1972,0.1064
Haiti,1972,0.5228
Papua New Guinea,1972,1.2031
Central African Republic,1972,0.0755
Tuvalu,1972,0.0
Switzerland,1972,44.0156
Madagascar,1972,0.7884
Oman,1972,7.3593
Sierra Leone,1972,0.3647
Aruba,1972,0.0396
Viet Nam,1972,16.9843
Cayman Islands,1972,0.0358
Equatorial Guinea,1972,0.0479
Indonesia,1972,37.2634
Dominican Republic,1972,5.061
Italy,1972,347.3733
Singapore,1972,9.3815
Cyprus,1972,2.664
Mauritania,1972,0.3369
Guinea-Bissau,1972,0.044
Mali,1972,0.2482
Ukraine,1972,499.6476
Benin,1972,0.4625
Luxembourg,1972,17.9121
Iraq,1972,27.3941
Bahrain,1972,3.8272
Austria,1972,57.883
Qatar,1972,22.0216
Paraguay,1972,0.7021
Canada,1972,383.0701
Panama,1972,2.8
Cuba,1972,21.6974
Lithuania,1972,21.3072
Botswana,1972,0.1972
Slovenia,1972,9.4634
Honduras,1972,1.2732
Bulgaria,1972,71.3147
Cameroon,1972,0.9688
Togo,1972,0.4182
Romania,1972,131.2593
Kenya,1972,3.9135
Bangladesh,1972,3.4703
Solomon Islands,1972,0.0703
Dominica,1972,0.0092
Tunisia,1972,4.8126
Cambodia,1972,0.2326
Turks and Caicos Islands,1972,0.004
Kiribati,1972,0.0201
Croatia,1972,15.7912
Trinidad and Tobago,1972,6.4323
South Africa,1972,191.0963
Pakistan,1972,18.8413
Ecuador,1972,4.4818
Cabo Verde,1972,0.1492
Thailand,1972,22.6895
Kuwait,1972,42.453
Ireland,1972,22.771
Ghana,1972,2.4963
Maldives,1972,0.0106
Turkmenistan,1972,19.74
Nauru,1972,0.0
Russian Federation,1972,1370.2972
Sweden,1972,89.1769
Germany,1972,1104.9335
Spain,1972,151.7023
Peru,1972,17.3957
Namibia,1972,0.7328
Costa Rica,1972,1.6223
Nepal,1972,0.4084
Suriname,1972,0.7219
American Samoa,1972,0.0
Georgia,1972,25.1287
Algeria,1972,35.1514
Syrian Arab Republic,1972,6.1415
Rwanda,1972,0.1056
Burundi,1972,0.0582
Netherlands,1972,150.4304
Djibouti,1972,0.708
United States,1972,4710.542
Gabon,1972,1.2037
Comoros,1972,0.0218
Angola,1972,10.3661
Vanuatu,1972,0.0801
Marshall Islands,1972,0.0
New Caledonia,1972,1.1218
Zambia,1972,4.2658
Guyana,1972,1.5246
French Polynesia,1972,0.1508
Zimbabwe,1972,9.0937
Samoa,1972,0.0702
Philippines,1972,27.8202
Bermuda,1972,0.169
New Zealand,1972,17.2591
Mauritius,1972,0.3358
Jordan,1972,2.3157
Colombia,1972,29.8753
Uzbekistan,1972,57.3285
Sri Lanka,1972,3.7834
Gibraltar,1972,0.0596
Bosnia and Herzegovina,1972,11.0865
Hungary,1972,70.0556
Antigua and Barbuda,1972,0.1249
Japan,1972,892.9819
Tonga,1972,0.0202
Guinea,1972,0.4647
France,1972,498.8697
United Arab Emirates,1972,27.7474
Denmark,1972,59.7421
Myanmar,1972,4.7253
Burkina Faso,1972,0.2261
Nicaragua,1972,1.7165
Brazil,1972,116.2631
Palau,1972,1.9948
Barbados,1972,0.4127
Finland,1972,44.3527
Australia,1972,168.2736
Greece,1972,36.8155
Armenia,1972,10.8206
Libya,1972,21.184
Niger,1972,0.2267
Belarus,1972,64.3722
Albania,1972,5.5184
Malaysia,1972,14.9216
Fiji,1972,0.769
Israel,1972,15.7359
Belize,1972,0.0726
Mozambique,1972,2.9157
Jamaica,1972,8.0073
Nigeria,1972,55.2513
Sao Tome and Principe,1972,0.0143
Poland,1972,330.8947
Eritrea,1972,0.3217
Faroe Islands,1972,0.001
Uganda,1972,0.9278
Greenland,1972,8.0E-4
China,1972,975.4309
Tajikistan,1972,8.5641
North Macedonia,1972,8.7359
Iceland,1972,2.2451
Latvia,1972,12.0754
Czechia,1972,188.4852
Ethiopia,1972,1.0879
Saudi Arabia,1972,80.9419
Morocco,1972,7.765
Brunei Darussalam,1972,2.2028
Afghanistan,1972,1.6924
Northern Mariana Islands,1972,0.0
Kazakhstan,1972,196.5706
Grenada,1972,0.0138
Chile,1972,32.6492
Malta,1972,0.8563
Uruguay,1972,5.816
Timor-Leste,1972,0.0115
Lesotho,1972,0.0734
Mongolia,1972,5.1301
Azerbaijan,1972,25.7965
Argentina,1972,89.7663
Malawi,1972,0.3657
Guam,1972,2.0E-4
Bhutan,1972,0.0403
Eswatini,1972,0.2634
Senegal,1972,1.4312
Portugal,1972,19.0331
El Salvador,1972,1.8549
Lebanon,1972,6.0128
Norway,1972,38.0934
Chad,1972,0.1535
Liberia,1972,0.968
India,1972,221.3891
Estonia,1972,23.2421
Sudan,1972,3.6481
Mexico,1972,133.3843
Guatemala,1972,2.7444
United Kingdom,1972,657.9363
Guatemala,1973,2.9141
Oman,1973,7.3929
Eritrea,1973,0.3246
Bulgaria,1973,72.2951
Mauritius,1973,0.3741
Pakistan,1973,20.0487
Zimbabwe,1973,10.5544
Equatorial Guinea,1973,0.0289
Benin,1973,0.4774
American Samoa,1973,0.0
Liberia,1973,0.999
Palau,1973,1.9948
El Salvador,1973,2.0217
Viet Nam,1973,18.9263
Panama,1973,3.1257
Ecuador,1973,5.6672
United States,1973,4896.621
Suriname,1973,0.7507
Brunei Darussalam,1973,2.6748
Armenia,1973,11.7601
Guinea,1973,0.4807
Mauritania,1973,0.3492
Belgium,1973,146.4168
Papua New Guinea,1973,1.4471
Dominican Republic,1973,5.0553
Italy,1973,369.5314
Paraguay,1973,0.7758
Dominica,1973,0.0093
Guinea-Bissau,1973,0.0455
Marshall Islands,1973,0.0
Peru,1973,18.4316
Djibouti,1973,0.7327
Sweden,1973,90.2652
Brazil,1973,135.214
Philippines,1973,31.5036
Denmark,1973,58.792
Afghanistan,1973,1.7325
Guyana,1973,1.7661
Poland,1973,348.5825
Czechia,1973,186.5306
Lesotho,1973,0.0759
Malta,1973,0.8224
Latvia,1973,13.0278
United Kingdom,1973,690.2576
Haiti,1973,0.5501
Aruba,1973,0.0445
Japan,1973,1006.6046
Portugal,1973,21.1917
Cyprus,1973,2.7722
Switzerland,1973,47.6477
Mali,1973,0.259
Botswana,1973,0.2625
Qatar,1973,24.6715
Cuba,1973,23.3866
Honduras,1973,1.4011
Romania,1973,143.4372
Croatia,1973,17.3248
Turkmenistan,1973,20.6212
Maldives,1973,0.0126
Russian Federation,1973,1453.9462
Costa Rica,1973,1.8329
Togo,1973,0.3672
Algeria,1973,47.2995
Rwanda,1973,0.1088
Comoros,1973,0.0225
Syrian Arab Republic,1973,5.8373
Zambia,1973,4.5698
Bosnia and Herzegovina,1973,12.0862
Samoa,1973,0.0844
Colombia,1973,30.8247
United Arab Emirates,1973,35.8436
Belize,1973,0.0733
Hungary,1973,74.8751
Malaysia,1973,15.4101
Australia,1973,177.635
Barbados,1973,0.4086
Sao Tome and Principe,1973,0.0148
China,1973,1015.1823
Iceland,1973,2.5818
Tajikistan,1973,8.935
Saudi Arabia,1973,108.3174
Chile,1973,32.5657
Bhutan,1973,0.0424
Malawi,1973,0.392
Senegal,1973,1.5399
Chad,1973,0.1586
Lebanon,1973,7.413
India,1973,220.0466
Tuvalu,1973,0.0
Seychelles,1973,0.1101
Central African Republic,1973,0.078
Madagascar,1973,0.7295
Sierra Leone,1973,0.3772
Cayman Islands,1973,0.0383
Tunisia,1973,4.8371
Indonesia,1973,42.0333
Bangladesh,1973,4.0992
Singapore,1973,10.2748
Canada,1973,402.0165
Luxembourg,1973,19.345
Ukraine,1973,529.285
Belarus,1973,70.3457
Austria,1973,61.1926
Iraq,1973,30.0637
Bahrain,1973,4.7655
Lithuania,1973,22.8964
Jamaica,1973,8.5489
Slovenia,1973,10.7928
Cameroon,1973,1.0115
Trinidad and Tobago,1973,6.6709
Kenya,1973,4.0538
Solomon Islands,1973,0.0845
Cambodia,1973,0.2835
Kiribati,1973,0.0241
South Africa,1973,208.2594
Cabo Verde,1973,0.1544
Ghana,1973,2.5508
Thailand,1973,25.3137
Nauru,1973,0.0
Germany,1973,1157.3698
Namibia,1973,0.758
Spain,1973,164.5273
Nepal,1973,0.5472
Georgia,1973,26.6438
Burundi,1973,0.06
Jordan,1973,2.614
Angola,1973,11.347
Netherlands,1973,156.7448
Gabon,1973,3.8555
Bermuda,1973,0.1705
Ireland,1973,22.339
New Caledonia,1973,1.3275
French Polynesia,1973,0.1814
Libya,1973,19.8506
Vanuatu,1973,0.0964
Kuwait,1973,38.0842
New Zealand,1973,18.6515
Uzbekistan,1973,60.6509
Gibraltar,1973,0.06
Sri Lanka,1973,3.9462
Antigua and Barbuda,1973,0.126
France,1973,535.5095
Burkina Faso,1973,0.2336
Myanmar,1973,3.7662
Nicaragua,1973,1.9014
Albania,1973,4.952
Finland,1973,48.4255
Turks and Caicos Islands,1973,0.004
Greece,1973,39.3849
Niger,1973,0.2666
Fiji,1973,0.9152
Mozambique,1973,3.1029
Nigeria,1973,66.4423
Uganda,1973,0.8552
Faroe Islands,1973,0.001
Greenland,1973,9.0E-4
Tonga,1973,0.0242
North Macedonia,1973,10.1017
Morocco,1973,9.1597
Ethiopia,1973,1.1881
Israel,1973,16.8465
Kazakhstan,1973,210.0251
Northern Mariana Islands,1973,0.0
Grenada,1973,0.0139
Uruguay,1973,5.4934
Mongolia,1973,5.5144
Argentina,1973,92.8514
Eswatini,1973,0.276
Azerbaijan,1973,27.9711
Guam,1973,2.0E-4
Mexico,1973,143.5069
Norway,1973,38.6668
Timor-Leste,1973,0.0135
Estonia,1973,26.5529
Sudan,1973,4.7929
Kuwait,1974,31.16
Kazakhstan,1974,218.1677
Kiribati,1974,0.0296
Kenya,1974,4.0929
Zambia,1974,4.6144
Algeria,1974,39.9008
Viet Nam,1974,15.7784
American Samoa,1974,0.0
Afghanistan,1974,2.1886
Vanuatu,1974,0.1183
Angola,1974,11.8066
Uzbekistan,1974,64.2742
Antigua and Barbuda,1974,0.1123
Uruguay,1974,5.3208
Argentina,1974,93.3312
United States,1974,4727.468
Armenia,1974,12.6736
United Kingdom,1974,644.8741
Aruba,1974,0.0436
United Arab Emirates,1974,36.0107
Australia,1974,187.1627
Ukraine,1974,553.265
Austria,1974,58.704
Uganda,1974,0.8938
Azerbaijan,1974,30.1523
Tuvalu,1974,0.0
Bahrain,1974,5.5732
Turks and Caicos Islands,1974,0.0036
Bangladesh,1974,4.3162
Turkmenistan,1974,21.6244
Barbados,1974,0.3754
Tunisia,1974,5.3315
Belarus,1974,76.1497
Trinidad and Tobago,1974,6.7771
Belgium,1974,145.2484
Tonga,1974,0.0297
Belize,1974,0.0654
Togo,1974,0.3401
Benin,1974,0.4899
Timor-Leste,1974,0.0163
Bermuda,1974,0.1519
Thailand,1974,25.2935
Bhutan,1974,0.0432
Tajikistan,1974,9.3205
Bosnia and Herzegovina,1974,13.0696
Syrian Arab Republic,1974,7.9431
Botswana,1974,0.4534
Switzerland,1974,42.9607
Brazil,1974,146.0012
Sweden,1974,83.4978
Brunei Darussalam,1974,2.776
Suriname,1974,0.6766
Bulgaria,1974,73.1629
Sudan,1974,4.5204
Burkina Faso,1974,0.2514
Sri Lanka,1974,3.3978
Burundi,1974,0.0642
Spain,1974,176.8972
Cabo Verde,1974,0.1667
South Africa,1974,215.0008
Cambodia,1974,0.3215
Solomon Islands,1974,0.1037
Cameroon,1974,0.9862
Slovenia,1974,11.6364
Canada,1974,410.0923
Singapore,1974,10.7216
Cayman Islands,1974,0.0362
Sierra Leone,1974,0.4065
Central African Republic,1974,0.084
Seychelles,1974,0.1189
Chad,1974,0.1708
Senegal,1974,1.6497
Chile,1974,30.7345
Saudi Arabia,1974,113.6128
China,1974,1032.7302
Sao Tome and Principe,1974,0.016
Colombia,1974,31.9307
Samoa,1974,0.1036
Comoros,1974,0.0243
Rwanda,1974,0.1089
Costa Rica,1974,1.7991
Russian Federation,1974,1529.2152
Croatia,1974,18.6624
Romania,1974,145.6299
Cuba,1974,25.3653
Qatar,1974,20.814
Cyprus,1974,2.1228
Portugal,1974,21.2487
Czechia,1974,169.7728
Poland,1974,361.7476
Denmark,1974,52.3907
Philippines,1974,29.9974
Djibouti,1974,0.7913
Peru,1974,19.9895
Dominica,1974,0.0083
Paraguay,1974,0.7506
Dominican Republic,1974,5.4048
Papua New Guinea,1974,1.7757
Ecuador,1974,6.9189
Panama,1974,3.1868
El Salvador,1974,2.0585
Zimbabwe,1974,10.4036
Palau,1974,1.9948
Equatorial Guinea,1974,0.0352
Pakistan,1974,21.2816
Eritrea,1974,0.3172
Oman,1974,7.7617
Estonia,1974,29.5769
Norway,1974,37.0863
Eswatini,1974,0.2887
Northern Mariana Islands,1974,0.0
Ethiopia,1974,1.2027
North Macedonia,1974,10.3919
Faroe Islands,1974,0.0011
Nigeria,1974,84.002
Fiji,1974,1.107
Niger,1974,0.2495
Finland,1974,44.6127
Nicaragua,1974,2.0342
France,1974,516.7665
Albania,1974,5.3297
New Zealand,1974,19.3606
French Polynesia,1974,0.2225
New Caledonia,1974,1.6146
Gabon,1974,3.9575
Netherlands,1974,148.693
Georgia,1974,27.9271
Nepal,1974,0.4909
Germany,1974,1122.1624
Nauru,1974,0.0
Ghana,1974,2.7186
Namibia,1974,0.8151
Gibraltar,1974,0.06
Myanmar,1974,4.3418
Greece,1974,38.597
Mozambique,1974,2.9303
Greenland,1974,9.0E-4
Morocco,1974,10.1164
Grenada,1974,0.0124
Mongolia,1974,6.1328
Guam,1974,2.0E-4
Mexico,1974,158.3182
Guatemala,1974,3.0229
Mauritius,1974,0.4433
Guinea,1974,0.5137
Mauritania,1974,0.3742
Guinea-Bissau,1974,0.0491
Marshall Islands,1974,0.0
Guyana,1974,1.5581
Malta,1974,0.7531
Haiti,1974,0.5992
Mali,1974,0.2735
Honduras,1974,1.3743
Maldives,1974,0.0154
Hungary,1974,76.9219
Malaysia,1974,18.4524
Iceland,1974,2.527
Malawi,1974,0.411
India,1974,235.855
Madagascar,1974,0.7202
Indonesia,1974,46.9566
Luxembourg,1974,17.8088
Iraq,1974,32.356
Lithuania,1974,24.4912
Ireland,1974,24.1719
Libya,1974,13.4682
Israel,1974,17.3021
Liberia,1974,1.0734
Italy,1974,372.0568
Lesotho,1974,0.0818
Jamaica,1974,8.8517
Lebanon,1974,7.5322
Japan,1974,1003.1685
Latvia,1974,13.9401
Jordan,1974,2.8415
Bermuda,1975,0.1839
Guinea-Bissau,1975,0.051
Afghanistan,1975,2.0276
Fiji,1975,0.92
Botswana,1975,0.5608
Liberia,1975,1.1156
Italy,1975,355.8777
Syrian Arab Republic,1975,9.2947
Costa Rica,1975,1.9722
Greenland,1975,9.0E-4
Dominican Republic,1975,5.6056
Netherlands,1975,140.0102
Philippines,1975,32.9113
Belgium,1975,127.9607
Bosnia and Herzegovina,1975,13.3398
Turkmenistan,1975,23.6117
Rwanda,1975,0.1245
Tajikistan,1975,9.9764
New Caledonia,1975,1.3657
Lesotho,1975,0.085
Jamaica,1975,7.4421
Bhutan,1975,0.0428
Vanuatu,1975,0.0977
Ecuador,1975,7.4984
Tuvalu,1975,0.0
Mongolia,1975,6.3098
Bahrain,1975,5.7431
Pakistan,1975,23.5782
Thailand,1975,25.8997
Qatar,1975,19.9179
Bangladesh,1975,5.1738
American Samoa,1975,0.0
Comoros,1975,0.0253
Barbados,1975,0.4306
Samoa,1975,0.0856
Uzbekistan,1975,70.9879
Norway,1975,36.3802
Marshall Islands,1975,0.0
Viet Nam,1975,18.5593
Guyana,1975,1.8403
Cyprus,1975,2.1642
Romania,1975,157.7121
Palau,1975,1.9948
New Zealand,1975,18.3118
Colombia,1975,34.3292
United Arab Emirates,1975,36.6794
Australia,1975,193.9112
Japan,1975,948.6597
Sao Tome and Principe,1975,0.0166
Djibouti,1975,0.8221
Tonga,1975,0.0246
Argentina,1975,90.9679
Eswatini,1975,0.3266
Malta,1975,0.678
Haiti,1975,0.606
China,1975,1184.1194
Saudi Arabia,1975,94.0538
Mozambique,1975,2.5307
Kuwait,1975,26.7749
Nauru,1975,0.0
Chile,1975,27.9386
Namibia,1975,0.8392
Senegal,1975,1.7995
Turks and Caicos Islands,1975,0.0043
Guinea,1975,0.5305
Guatemala,1975,3.324
Mali,1975,0.2866
Guam,1975,2.0E-4
Honduras,1975,1.4802
Uruguay,1975,5.6648
Chad,1975,0.1772
Tunisia,1975,5.429
Oman,1975,25.8635
Belarus,1975,81.83
Myanmar,1975,4.2578
Seychelles,1975,0.1235
Maldives,1975,0.0129
Algeria,1975,36.4078
Central African Republic,1975,0.0871
Zambia,1975,4.7791
Northern Mariana Islands,1975,0.0
Hungary,1975,78.4156
Sierra Leone,1975,0.422
Croatia,1975,19.7116
Portugal,1975,22.8228
Albania,1975,5.4242
Aruba,1975,0.0576
United Kingdom,1975,623.8983
Ghana,1975,2.8941
Finland,1975,44.7652
Papua New Guinea,1975,1.4671
Cayman Islands,1975,0.0462
Singapore,1975,10.7534
Greece,1975,40.5989
Ethiopia,1975,1.07
Czechia,1975,177.0525
Russian Federation,1975,1614.2081
Gibraltar,1975,0.063
Malaysia,1975,19.8435
Peru,1975,20.3832
Iceland,1975,2.3719
Canada,1975,400.2486
Lebanon,1975,6.7109
Ukraine,1975,579.4894
Austria,1975,56.3788
Belize,1975,0.079
Slovenia,1975,11.5253
Grenada,1975,0.0149
Morocco,1975,10.8526
Cameroon,1975,1.2499
Solomon Islands,1975,0.0857
Dominica,1975,0.01
Estonia,1975,32.1595
Malawi,1975,0.4687
Mexico,1975,166.621
Benin,1975,0.5496
India,1975,251.149
El Salvador,1975,2.312
Germany,1975,1060.2281
Kazakhstan,1975,227.7741
Cambodia,1975,0.2721
Nepal,1975,0.4105
South Africa,1975,230.9221
Mauritius,1975,0.4618
Madagascar,1975,0.8004
Indonesia,1975,48.7947
Cabo Verde,1975,0.1732
North Macedonia,1975,8.3311
Spain,1975,182.7032
Luxembourg,1975,14.09
Faroe Islands,1975,0.0011
Panama,1975,3.2602
Burundi,1975,0.0665
Sri Lanka,1975,2.9874
Eritrea,1975,0.3017
France,1975,476.2512
Iraq,1975,37.027
Latvia,1975,14.9201
Cuba,1975,26.08
Poland,1975,376.9662
Antigua and Barbuda,1975,0.1359
Burkina Faso,1975,0.2611
Trinidad and Tobago,1975,6.0714
French Polynesia,1975,0.1839
Niger,1975,0.2895
Uganda,1975,0.8224
Togo,1975,0.3946
Azerbaijan,1975,32.6553
Sudan,1975,3.5354
Gabon,1975,5.0974
Denmark,1975,54.6756
Jordan,1975,3.1514
Lithuania,1975,26.1193
Bulgaria,1975,78.2694
Suriname,1975,0.7519
Kenya,1975,4.0294
Equatorial Guinea,1975,0.0382
Kiribati,1975,0.0245
Ireland,1975,22.709
Brunei Darussalam,1975,2.8613
Nicaragua,1975,2.0184
Sweden,1975,85.2864
Nigeria,1975,64.0119
Mauritania,1975,0.3899
Timor-Leste,1975,0.0137
Libya,1975,16.7135
Paraguay,1975,0.8052
Zimbabwe,1975,9.1708
Brazil,1975,156.485
Israel,1975,18.1957
Switzerland,1975,40.5545
Armenia,1975,13.834
Angola,1975,10.9045
Georgia,1975,29.9344
United States,1975,4515.413
Mauritius,1976,0.51
Estonia,1976,33.7661
Belize,1976,0.0717
Guam,1976,2.0E-4
Qatar,1976,18.6419
Zimbabwe,1976,10.0509
Aruba,1976,0.0566
Cyprus,1976,2.6321
Guatemala,1976,3.295
American Samoa,1976,0.0
Oman,1976,28.7941
Portugal,1976,24.1296
United Kingdom,1976,630.0507
Czechia,1976,182.4562
Gabon,1976,5.9132
Trinidad and Tobago,1976,7.0918
Mexico,1976,177.7754
Poland,1976,401.7033
Niger,1976,0.3147
Tunisia,1976,5.7921
Denmark,1976,60.3851
Armenia,1976,14.2233
Timor-Leste,1976,0.0135
Bermuda,1976,0.1667
United States,1976,4815.8057
Greenland,1976,9.0E-4
Turkmenistan,1976,24.1942
Ecuador,1976,8.5878
Albania,1976,5.7967
Belgium,1976,137.6049
Vanuatu,1976,0.0963
Thailand,1976,29.3148
Bahrain,1976,6.2107
Tuvalu,1976,0.0
Bhutan,1976,0.0446
Jamaica,1976,6.6137
Lesotho,1976,0.088
Tajikistan,1976,10.2173
Bosnia and Herzegovina,1976,13.2315
New Caledonia,1976,1.3513
Netherlands,1976,150.7934
Dominican Republic,1976,5.7531
Italy,1976,382.5458
Syrian Arab Republic,1976,10.6835
Liberia,1976,1.1616
Botswana,1976,0.8181
Fiji,1976,0.9052
Pakistan,1976,22.5038
Afghanistan,1976,1.8913
Switzerland,1976,42.2374
Israel,1976,18.1726
Georgia,1976,30.4339
Brazil,1976,171.9244
Libya,1976,21.3938
Paraguay,1976,0.8944
Sweden,1976,92.3864
Nicaragua,1976,2.3111
Nigeria,1976,75.2026
Brunei Darussalam,1976,3.3072
Latvia,1976,15.5433
Ireland,1976,23.2778
Kiribati,1976,0.0241
Kenya,1976,4.5864
Suriname,1976,0.7148
Bulgaria,1976,79.1448
Angola,1976,7.292
Lithuania,1976,27.2643
Sudan,1976,3.4187
Azerbaijan,1976,33.6631
Uganda,1976,1.0228
Antigua and Barbuda,1976,0.1232
Burkina Faso,1976,0.2705
Jordan,1976,3.7715
Iraq,1976,46.4598
Sri Lanka,1976,3.0545
France,1976,521.7505
Panama,1976,3.2521
Burundi,1976,0.0688
Faroe Islands,1976,0.0012
Luxembourg,1976,15.023
Eritrea,1976,0.294
Spain,1976,200.8451
Cabo Verde,1976,0.1795
North Macedonia,1976,8.7494
Indonesia,1976,52.5271
Madagascar,1976,0.745
South Africa,1976,245.3398
Nepal,1976,0.3535
Cambodia,1976,0.2686
Greece,1976,45.5512
Finland,1976,51.0046
Kazakhstan,1976,233.8385
India,1976,268.5306
Germany,1976,1122.5887
Malawi,1976,0.448
Dominica,1976,0.0091
El Salvador,1976,2.3495
Solomon Islands,1976,0.0844
Cameroon,1976,1.1637
Morocco,1976,11.9094
Grenada,1976,0.0136
Papua New Guinea,1976,1.4456
Slovenia,1976,11.0394
Lebanon,1976,6.3015
Austria,1976,61.7152
Canada,1976,413.3972
Ethiopia,1976,1.0653
Iceland,1976,2.3943
Peru,1976,20.8309
Malaysia,1976,21.8424
Turks and Caicos Islands,1976,0.0039
Kuwait,1976,27.4017
Singapore,1976,11.5658
Ukraine,1976,597.1665
Cayman Islands,1976,0.0441
Mozambique,1976,2.5683
Hungary,1976,82.3874
Uruguay,1976,5.7703
Sierra Leone,1976,0.4373
Northern Mariana Islands,1976,0.0
Zambia,1976,4.7829
Central African Republic,1976,0.0903
Algeria,1976,47.0745
Maldives,1976,0.0128
Togo,1976,0.3496
Seychelles,1976,0.1281
Myanmar,1976,4.5509
Chad,1976,0.1843
Honduras,1976,1.556
Mali,1976,0.2908
Senegal,1976,1.8841
Gibraltar,1976,0.0625
Chile,1976,28.5701
Namibia,1976,0.8676
Nauru,1976,0.0
Barbados,1976,0.4085
Saudi Arabia,1976,115.7698
China,1976,1232.1465
Tonga,1976,0.0242
Haiti,1976,0.8111
Malta,1976,0.7649
Djibouti,1976,0.8525
Eswatini,1976,0.3203
Argentina,1976,95.6392
New Zealand,1976,20.1012
Sao Tome and Principe,1976,0.0172
Australia,1976,196.7003
United Arab Emirates,1976,45.581
Japan,1976,980.7121
Colombia,1976,36.6289
Palau,1976,1.9948
Guyana,1976,1.8655
Marshall Islands,1976,0.0
Samoa,1976,0.0843
Uzbekistan,1976,71.811
Norway,1976,38.5128
Comoros,1976,0.0262
Mongolia,1976,6.508
Rwanda,1976,0.1557
Guinea-Bissau,1976,0.0528
Costa Rica,1976,2.0296
Philippines,1976,32.7996
Mauritania,1976,0.4024
Belarus,1976,85.3608
Equatorial Guinea,1976,0.0383
Russian Federation,1976,1674.5114
French Polynesia,1976,0.1812
Ghana,1976,2.9599
Croatia,1976,19.4151
Guinea,1976,0.5501
Romania,1976,173.6377
Viet Nam,1976,13.5594
Benin,1976,0.3669
Cuba,1976,27.5187
Bangladesh,1976,5.5515
Estonia,1977,35.1436
Kiribati,1977,0.0254
United Arab Emirates,1977,45.8764
Canada,1977,427.906
Finland,1977,50.6811
Nauru,1977,0.0
Angola,1977,12.0335
India,1977,273.6257
Albania,1977,6.201
Niger,1977,0.3504
Gibraltar,1977,0.0594
Algeria,1977,52.1499
American Samoa,1977,0.0
Switzerland,1977,42.6574
Antigua and Barbuda,1977,0.136
Bahrain,1977,6.8314
Russian Federation,1977,1712.0328
Chile,1977,26.6662
Austria,1977,59.0022
Qatar,1977,16.6922
Guinea,1977,0.57
Mexico,1977,183.8286
Sudan,1977,3.562
Guinea-Bissau,1977,0.0547
Japan,1977,1005.757
South Africa,1977,245.0975
Azerbaijan,1977,34.8874
Philippines,1977,35.7618
Germany,1977,1101.0901
Equatorial Guinea,1977,0.0383
Sweden,1977,88.4723
Uganda,1977,0.9524
Malawi,1977,0.4476
Honduras,1977,1.6896
Pakistan,1977,23.9348
Central African Republic,1977,0.0933
Bhutan,1977,0.0471
Burkina Faso,1977,0.2797
Slovenia,1977,12.0614
Kuwait,1977,27.0119
Zambia,1977,4.3363
Northern Mariana Islands,1977,0.0
Bangladesh,1977,5.778
Bosnia and Herzegovina,1977,13.9385
Haiti,1977,0.8469
Armenia,1977,14.7587
Chad,1977,0.194
Iceland,1977,2.464
Timor-Leste,1977,0.0141
Greenland,1977,9.0E-4
Poland,1977,416.3127
Colombia,1977,37.6142
Jordan,1977,3.9046
Portugal,1977,23.9134
Israel,1977,18.9636
Namibia,1977,0.8978
China,1977,1385.0428
Sierra Leone,1977,0.4526
Nicaragua,1977,2.8258
Iraq,1977,42.6339
Cuba,1977,30.0035
Grenada,1977,0.0149
Ghana,1977,3.0552
Cambodia,1977,0.2811
Oman,1977,28.7424
Ecuador,1977,9.9803
Uruguay,1977,5.594
Hungary,1977,86.2845
Thailand,1977,32.183
Mauritius,1977,0.5919
Tonga,1977,0.0255
Viet Nam,1977,14.7525
Norway,1977,39.4819
Italy,1977,371.5547
Liberia,1977,1.2003
Togo,1977,0.4604
Peru,1977,20.5261
Sri Lanka,1977,3.2965
Mauritania,1977,0.4156
Trinidad and Tobago,1977,7.8774
Zimbabwe,1977,9.0224
Croatia,1977,19.838
Libya,1977,23.0823
Ethiopia,1977,1.1366
Tuvalu,1977,0.0
Australia,1977,209.9802
Guatemala,1977,3.777
Faroe Islands,1977,0.0012
Panama,1977,3.2247
New Zealand,1977,20.6523
Turkmenistan,1977,25.0544
Marshall Islands,1977,0.0
Burundi,1977,0.0711
Solomon Islands,1977,0.0892
Ireland,1977,24.8688
Latvia,1977,16.0262
Cyprus,1977,2.7944
Rwanda,1977,0.1552
Aruba,1977,0.0673
Costa Rica,1977,2.5574
France,1977,503.1813
Brazil,1977,179.5963
Tajikistan,1977,10.4993
Nigeria,1977,66.4674
Ukraine,1977,607.4803
Greece,1977,47.7732
Benin,1977,0.4281
Dominica,1977,0.01
Mali,1977,0.2987
Gabon,1977,5.8445
Argentina,1977,99.5708
Luxembourg,1977,14.2881
Palau,1977,1.9948
Guyana,1977,1.8685
United Kingdom,1977,638.55
Belize,1977,0.0791
Seychelles,1977,0.1326
United States,1977,4979.9937
Sao Tome and Principe,1977,0.0178
Comoros,1977,0.0271
Suriname,1977,0.7828
French Polynesia,1977,0.1913
Malta,1977,0.8091
Belarus,1977,88.2785
Tunisia,1977,6.5195
Bermuda,1977,0.1841
Belgium,1977,135.0231
Senegal,1977,2.0046
Turks and Caicos Islands,1977,0.0043
New Caledonia,1977,1.437
Morocco,1977,13.1354
El Salvador,1977,2.4178
Spain,1977,192.7329
Mongolia,1977,7.4153
Netherlands,1977,148.4949
Singapore,1977,12.6742
Nepal,1977,0.3964
Lebanon,1977,5.477
Syrian Arab Republic,1977,11.7485
Barbados,1977,0.4368
Eritrea,1977,0.249
Mozambique,1977,2.4964
Fiji,1977,0.9594
Botswana,1977,0.9337
Afghanistan,1977,2.2811
Bulgaria,1977,82.1513
Eswatini,1977,0.3203
Cabo Verde,1977,0.1859
Myanmar,1977,4.873
Uzbekistan,1977,74.546
Cayman Islands,1977,0.0511
Georgia,1977,30.7376
Cameroon,1977,1.6253
Paraguay,1977,1.2726
Czechia,1977,192.9469
Dominican Republic,1977,6.2178
Guam,1977,2.0E-4
North Macedonia,1977,9.0251
Maldives,1977,0.0135
Romania,1977,181.9716
Samoa,1977,0.089
Kazakhstan,1977,237.3897
Indonesia,1977,71.7987
Jamaica,1977,7.2381
Vanuatu,1977,0.1017
Papua New Guinea,1977,1.5264
Kenya,1977,4.9052
Djibouti,1977,0.8829
Madagascar,1977,0.7678
Malaysia,1977,21.4832
Saudi Arabia,1977,124.5256
Denmark,1977,62.0913
Brunei Darussalam,1977,3.3855
Lesotho,1977,0.0911
Lithuania,1977,28.2305
Tonga,1978,0.0253
Ukraine,1978,647.7008
Syrian Arab Republic,1978,12.046
Bangladesh,1978,6.1978
Equatorial Guinea,1978,0.0734
Kuwait,1978,31.0217
South Africa,1978,223.0569
Myanmar,1978,5.0494
Kazakhstan,1978,250.0246
Guam,1978,2.0E-4
Mozambique,1978,2.1793
Singapore,1978,14.2186
Dominica,1978,0.01
Paraguay,1978,1.5289
Kiribati,1978,0.0252
Cambodia,1978,0.2591
Chad,1978,0.1971
Sweden,1978,82.9675
Sao Tome and Principe,1978,0.0181
Russian Federation,1978,1827.9653
Mexico,1978,206.0579
Malaysia,1978,27.5649
India,1978,268.1668
Czechia,1978,190.7797
Zambia,1978,4.1272
Jamaica,1978,7.4071
Malawi,1978,0.4549
Germany,1978,1138.955
Costa Rica,1978,2.7633
Nauru,1978,0.0
Australia,1978,206.3051
Croatia,1978,21.3755
Solomon Islands,1978,0.0885
Libya,1978,24.761
Romania,1978,197.4954
Lebanon,1978,6.6277
Barbados,1978,0.4459
Grenada,1978,0.0149
Greece,1978,50.3903
Cameroon,1978,1.7605
Turks and Caicos Islands,1978,0.0043
Canada,1978,431.0641
El Salvador,1978,2.5788
New Caledonia,1978,1.443
Estonia,1978,37.4942
Bahrain,1978,7.216
United Arab Emirates,1978,52.6114
Austria,1978,60.905
Nicaragua,1978,2.5576
Oman,1978,23.7634
Ghana,1978,2.9713
Haiti,1978,0.8864
Bhutan,1978,0.0497
Slovenia,1978,12.8266
Iceland,1978,2.5391
Ethiopia,1978,1.1728
Greenland,1978,9.0E-4
Colombia,1978,40.1155
Guinea,1978,0.5819
Aruba,1978,0.0721
Mongolia,1978,7.9996
Belize,1978,0.0791
Cyprus,1978,2.9043
Argentina,1978,98.631
Chile,1978,27.3697
Marshall Islands,1978,0.0
Zimbabwe,1978,8.9052
Afghanistan,1978,1.9327
Albania,1978,6.8211
Gabon,1978,6.4961
Mauritius,1978,0.6198
Guyana,1978,1.7606
Suriname,1978,0.8019
Trinidad and Tobago,1978,8.1754
Seychelles,1978,0.1347
Pakistan,1978,25.128
Jordan,1978,4.7339
Uzbekistan,1978,78.5801
Azerbaijan,1978,36.8102
Vanuatu,1978,0.1009
Denmark,1978,62.0295
Bulgaria,1978,88.2102
Brunei Darussalam,1978,3.4901
Maldives,1978,0.0134
Niger,1978,0.3851
Ireland,1978,24.6686
Togo,1978,0.5008
Saudi Arabia,1978,132.479
Kenya,1978,4.9074
Lithuania,1978,29.3292
Belarus,1978,91.8778
Algeria,1978,57.3545
Switzerland,1978,43.8607
Dominican Republic,1978,6.3382
Antigua and Barbuda,1978,0.136
Northern Mariana Islands,1978,0.0
Papua New Guinea,1978,1.5148
New Zealand,1978,20.1113
Guatemala,1978,4.1761
Sudan,1978,3.235
Angola,1978,14.2163
Qatar,1978,18.7997
Comoros,1978,0.0276
Central African Republic,1978,0.0948
Uganda,1978,0.7431
Viet Nam,1978,14.9363
Burkina Faso,1978,0.2844
Bosnia and Herzegovina,1978,14.6189
Honduras,1978,1.7067
French Polynesia,1978,0.1899
Senegal,1978,1.9599
Israel,1978,20.1915
Philippines,1978,36.8336
Portugal,1978,24.7816
Iraq,1978,46.9095
Poland,1978,444.2133
Sierra Leone,1978,0.4598
China,1978,1560.9418
Mali,1978,0.3028
Hungary,1978,93.6996
Botswana,1978,1.0548
Namibia,1978,0.9107
Benin,1978,0.4551
Sri Lanka,1978,3.8939
Fiji,1978,0.9581
Djibouti,1978,0.8971
Tuvalu,1978,0.0
Panama,1978,3.0665
Mauritania,1978,0.4231
Faroe Islands,1978,0.0012
Nigeria,1978,69.5374
Burundi,1978,0.0723
Eswatini,1978,0.6052
Uruguay,1978,5.8358
Tajikistan,1978,10.7812
France,1978,521.1912
Brazil,1978,194.202
Italy,1978,378.9442
Luxembourg,1978,15.4728
Liberia,1978,1.2316
United Kingdom,1978,636.7127
Morocco,1978,14.0414
Ecuador,1978,11.2161
Nepal,1978,0.377
Finland,1978,57.1301
Armenia,1978,15.3622
United States,1978,4969.841
Turkmenistan,1978,26.8116
Guinea-Bissau,1978,0.0555
Peru,1978,20.6203
Malta,1978,0.9426
Spain,1978,191.4997
Cuba,1978,32.1635
Netherlands,1978,153.2916
Belgium,1978,139.4476
Japan,1978,1006.3522
American Samoa,1978,0.0
Cayman Islands,1978,0.0536
Cabo Verde,1978,0.1889
Norway,1978,38.4474
Lesotho,1978,0.0926
Eritrea,1978,0.2587
Georgia,1978,31.5341
North Macedonia,1978,8.7411
Thailand,1978,35.46
Indonesia,1978,84.4666
Tunisia,1978,7.2359
Latvia,1978,16.67
Palau,1978,1.9948
Bermuda,1978,0.1841
Madagascar,1978,0.8373
Samoa,1978,0.0883
Timor-Leste,1978,0.014
Gibraltar,1978,0.0562
Rwanda,1978,0.1704
Ireland,1979,29.0153
Guatemala,1979,4.6554
Chile,1979,29.0004
Comoros,1979,0.0318
Viet Nam,1979,15.5796
Tonga,1979,0.0272
Italy,1979,394.8921
Haiti,1979,0.8686
Kazakhstan,1979,254.6865
New Zealand,1979,18.3103
United Arab Emirates,1979,37.8795
Saudi Arabia,1979,156.7764
Bangladesh,1979,6.9095
Pakistan,1979,27.1191
Djibouti,1979,1.0364
Greece,1979,53.3027
Australia,1979,212.162
Tunisia,1979,8.5442
China,1979,1598.8734
Georgia,1979,32.6217
Palau,1979,1.9948
Eswatini,1979,0.6063
French Polynesia,1979,0.2041
Zimbabwe,1979,9.191
Namibia,1979,1.0502
Malta,1979,0.9189
Samoa,1979,0.0949
Guam,1979,2.0E-4
Estonia,1979,38.9954
Liberia,1979,1.4371
Sao Tome and Principe,1979,0.0209
Romania,1979,202.3206
Mongolia,1979,8.5073
Qatar,1979,17.5974
Cyprus,1979,3.099
Aruba,1979,0.0761
Colombia,1979,40.3403
Armenia,1979,15.9421
Argentina,1979,104.3199
Guyana,1979,1.6812
Suriname,1979,0.7926
Denmark,1979,65.4506
Finland,1979,56.8955
Azerbaijan,1979,38.2238
Bulgaria,1979,91.4874
Antigua and Barbuda,1979,0.1345
Trinidad and Tobago,1979,8.3332
Switzerland,1979,42.5386
Lithuania,1979,30.3164
Barbados,1979,0.446
Mozambique,1979,2.0589
Belgium,1979,148.691
Japan,1979,1030.1215
Botswana,1979,1.2009
Sudan,1979,3.3311
Albania,1979,7.9368
Dominican Republic,1979,6.6939
Uganda,1979,0.7659
Bosnia and Herzegovina,1979,15.1262
Burkina Faso,1979,0.3267
Angola,1979,14.1795
Israel,1979,20.5645
Iraq,1979,58.0922
Kenya,1979,4.8465
Faroe Islands,1979,0.0013
Poland,1979,444.8356
Panama,1979,3.3251
Tuvalu,1979,0.0
Sri Lanka,1979,4.2106
Mauritius,1979,0.624
Mauritania,1979,0.4793
Burundi,1979,0.0823
Fiji,1979,1.026
Morocco,1979,15.2257
Tajikistan,1979,11.051
Luxembourg,1979,14.6541
Brazil,1979,207.3826
France,1979,528.7621
Nepal,1979,0.5481
Spain,1979,203.1846
United States,1979,5006.682
Lesotho,1979,0.1067
Cuba,1979,32.5723
Cabo Verde,1979,0.2181
Indonesia,1979,90.9196
North Macedonia,1979,9.899
Philippines,1979,39.6105
Madagascar,1979,0.9033
Nicaragua,1979,1.6834
Niger,1979,0.4135
Turkmenistan,1979,27.714
Latvia,1979,17.1808
Syrian Arab Republic,1979,15.3413
South Africa,1979,228.5665
Kuwait,1979,35.5056
Togo,1979,0.5579
Dominica,1979,0.0099
Lebanon,1979,7.4506
Kiribati,1979,0.0271
Cambodia,1979,0.2717
Rwanda,1979,0.171
Russian Federation,1979,1853.559
Mexico,1979,217.9653
India,1979,288.2257
Malawi,1979,0.4576
Germany,1979,1189.107
Jamaica,1979,7.1333
Solomon Islands,1979,0.0951
Libya,1979,27.6045
Netherlands,1979,162.7267
Afghanistan,1979,2.0577
Cameroon,1979,1.9122
El Salvador,1979,2.4027
Oman,1979,21.436
New Caledonia,1979,1.5495
Bhutan,1979,0.0513
Iceland,1979,2.6261
Ethiopia,1979,1.2185
Slovenia,1979,13.4692
Ghana,1979,2.635
Costa Rica,1979,2.7562
Austria,1979,63.345
Turks and Caicos Islands,1979,0.0043
Bahrain,1979,7.6832
Canada,1979,445.224
Ecuador,1979,12.1545
Grenada,1979,0.0148
Czechia,1979,200.5243
Greenland,1979,9.0E-4
Zambia,1979,3.7517
Croatia,1979,22.4352
Malaysia,1979,31.5832
Sweden,1979,86.1086
Belize,1979,0.0782
Singapore,1979,15.1855
Ukraine,1979,661.3838
Jordan,1979,5.0484
Thailand,1979,37.5887
United Kingdom,1979,672.8972
Cayman Islands,1979,0.0554
Peru,1979,21.5123
Uruguay,1979,6.2943
Nigeria,1979,99.4213
Hungary,1979,92.3405
Guinea-Bissau,1979,0.0639
Sierra Leone,1979,0.5296
Eritrea,1979,0.2868
Portugal,1979,27.5491
Belarus,1979,95.0815
Timor-Leste,1979,0.0149
Equatorial Guinea,1979,0.0704
Central African Republic,1979,0.1089
Northern Mariana Islands,1979,0.0
Algeria,1979,57.4238
Maldives,1979,0.0144
Uzbekistan,1979,81.3675
Vanuatu,1979,0.1084
Brunei Darussalam,1979,3.1637
Norway,1979,41.2327
Seychelles,1979,0.1556
Guinea,1979,0.6615
Papua New Guinea,1979,1.6278
Gibraltar,1979,0.0788
Marshall Islands,1979,0.0
American Samoa,1979,0.0
Chad,1979,0.2249
Myanmar,1979,5.2553
Honduras,1979,1.8073
Gabon,1979,6.3995
Paraguay,1979,1.4645
Bermuda,1979,0.1821
Nauru,1979,0.0
Benin,1979,0.5106
Senegal,1979,2.1683
Mali,1979,0.3417
Benin,1980,0.5365
Kiribati,1980,0.0292
Turkmenistan,1980,29.7251
Lebanon,1980,7.5346
United Kingdom,1980,608.5571
South Africa,1980,242.7987
Kuwait,1980,33.2815
Dominica,1980,0.0098
North Macedonia,1980,9.0396
Guatemala,1980,4.6703
Ukraine,1980,679.2629
Madagascar,1980,0.9974
Indonesia,1980,90.5994
Georgia,1980,33.5034
Malta,1980,1.0211
Aruba,1980,0.0799
United States,1980,4780.1924
Cabo Verde,1980,0.2141
Nicaragua,1980,1.97
China,1980,1564.7368
Cayman Islands,1980,0.0572
Papua New Guinea,1980,1.7528
Thailand,1980,39.2021
Lesotho,1980,0.1048
Spain,1980,212.8853
Brazil,1980,207.1192
France,1980,506.7875
Nepal,1980,0.6115
Honduras,1980,1.8682
Tajikistan,1980,11.569
Peru,1980,22.6303
Luxembourg,1980,13.6723
Morocco,1980,15.6865
Uruguay,1980,5.5949
Chile,1980,28.8542
Niger,1980,0.5133
Burundi,1980,0.0812
Mauritania,1980,0.4765
Sri Lanka,1980,4.2083
Turks and Caicos Islands,1980,0.0042
Guam,1980,2.0E-4
Hungary,1980,91.6088
Australia,1980,222.3313
Poland,1980,456.3049
Faroe Islands,1980,0.0013
Ghana,1980,2.6631
Tuvalu,1980,0.0
Nigeria,1980,89.6006
Qatar,1980,14.5649
Kenya,1980,5.1977
Greenland,1980,9.0E-4
Palau,1980,1.9948
Tunisia,1980,9.418
Fiji,1980,1.1008
Sierra Leone,1980,0.52
Eswatini,1980,0.6185
Bermuda,1980,0.18
Uganda,1980,0.7178
Iraq,1980,52.235
Dominican Republic,1980,6.8918
Panama,1980,3.1983
Algeria,1980,57.204
Eritrea,1980,0.3011
Denmark,1980,64.8775
Namibia,1980,1.0315
Israel,1980,20.424
Burkina Faso,1980,0.3211
Saudi Arabia,1980,192.7268
Portugal,1980,28.2302
Togo,1980,0.5149
Myanmar,1980,5.5535
Italy,1980,397.6535
Bosnia and Herzegovina,1980,14.5937
Gibraltar,1980,0.094
Viet Nam,1980,16.2712
Central African Republic,1980,0.1071
Timor-Leste,1980,0.0159
Sudan,1980,3.9298
Vanuatu,1980,0.1168
Jordan,1980,6.4199
Gabon,1980,6.152
Japan,1980,1003.1205
Botswana,1980,1.2681
Grenada,1980,0.0146
Uzbekistan,1980,87.651
Norway,1980,39.5359
Trinidad and Tobago,1980,9.125
Lithuania,1980,31.5885
Nauru,1980,0.0
Bangladesh,1980,7.7185
Angola,1980,14.3162
Mozambique,1980,2.4898
Switzerland,1980,43.2995
United Arab Emirates,1980,41.1385
Maldives,1980,0.0155
Bulgaria,1980,94.6084
Djibouti,1980,1.0171
Ireland,1980,27.8942
Tonga,1980,0.0293
Haiti,1980,0.8591
Northern Mariana Islands,1980,0.0
Guinea-Bissau,1980,0.0628
Brunei Darussalam,1980,3.9542
Azerbaijan,1980,40.2754
Guinea,1980,0.6504
Pakistan,1980,29.0326
Liberia,1980,1.3758
French Polynesia,1980,0.2197
Belgium,1980,137.7906
Seychelles,1980,0.1527
Paraguay,1980,1.498
Antigua and Barbuda,1980,0.133
Estonia,1980,40.4612
Comoros,1980,0.0312
Mauritius,1980,0.5825
Guyana,1980,1.7731
New Zealand,1980,18.413
Suriname,1980,0.7747
Rwanda,1980,0.3661
Slovenia,1980,13.8088
Argentina,1980,101.8779
Iceland,1980,2.4308
Latvia,1980,17.8461
New Caledonia,1980,1.6693
Ethiopia,1980,1.2537
Marshall Islands,1980,0.0
Mongolia,1980,9.3394
Austria,1980,61.4898
Afghanistan,1980,2.0047
Bhutan,1980,0.0518
Barbados,1980,0.4449
El Salvador,1980,2.0222
Ecuador,1980,12.7955
Colombia,1980,41.0839
Greece,1980,53.4147
Finland,1980,57.4224
Kazakhstan,1980,263.5351
Belize,1980,0.0774
Netherlands,1980,155.113
Cyprus,1980,3.2705
Canada,1980,450.4584
Cameroon,1980,2.0381
Bahrain,1980,7.785
American Samoa,1980,0.0
Germany,1980,1135.2202
Libya,1980,28.5355
Solomon Islands,1980,0.1024
Senegal,1980,2.2436
Equatorial Guinea,1980,0.0642
Jamaica,1980,6.8786
Czechia,1980,193.5216
Albania,1980,8.0566
Philippines,1980,35.6851
Malawi,1980,0.5134
Sao Tome and Principe,1980,0.0205
Sweden,1980,78.6317
Zambia,1980,3.747
Mali,1980,0.3327
Oman,1980,12.9018
Cuba,1980,33.408
Chad,1980,0.2194
India,1980,303.5716
Syrian Arab Republic,1980,14.3715
Samoa,1980,0.1022
Malaysia,1980,32.769
Belarus,1980,98.6418
Zimbabwe,1980,9.7973
Romania,1980,200.1503
Croatia,1980,20.8154
Russian Federation,1980,1915.3447
Cambodia,1980,0.2915
Mexico,1980,241.0408
Armenia,1980,17.007
Costa Rica,1980,2.4917
Singapore,1980,15.2385
Armenia,1981,17.4193
Liberia,1981,1.2175
Barbados,1981,0.4418
Pakistan,1981,31.6088
Bahrain,1981,8.3178
Nicaragua,1981,2.0782
Albania,1981,7.0727
Switzerland,1981,40.9263
Jordan,1981,7.4096
Israel,1981,21.2695
Finland,1981,48.014
Brazil,1981,191.2746
Turks and Caicos Islands,1981,0.0042
Niger,1981,0.6016
Kiribati,1981,0.0289
Libya,1981,25.5496
Sweden,1981,71.0385
Costa Rica,1981,2.3074
Nigeria,1981,73.3114
Brunei Darussalam,1981,3.3218
Greece,1981,53.0951
Ireland,1981,27.6667
Timor-Leste,1981,0.0157
Antigua and Barbuda,1981,0.1166
Paraguay,1981,1.4469
Suriname,1981,0.6573
Azerbaijan,1981,41.4917
Georgia,1981,33.9039
Qatar,1981,11.8278
Bulgaria,1981,90.7219
Angola,1981,13.2323
Lithuania,1981,31.9166
Nepal,1981,0.5364
Denmark,1981,54.5626
Sudan,1981,3.8171
Kazakhstan,1981,249.5346
Burkina Faso,1981,0.3082
Panama,1981,2.7791
Trinidad and Tobago,1981,9.5664
Iraq,1981,36.3029
Faroe Islands,1981,0.0013
Kenya,1981,5.1665
Sri Lanka,1981,4.3366
Poland,1981,418.9641
Uganda,1981,0.5841
Burundi,1981,0.0884
Morocco,1981,15.7858
Mauritania,1981,0.4394
Latvia,1981,18.0517
Luxembourg,1981,11.6828
France,1981,456.4464
Spain,1981,218.5206
Oman,1981,14.4341
Indonesia,1981,95.6587
Lebanon,1981,7.6244
Belize,1981,0.0713
Cabo Verde,1981,0.2048
United States,1981,4709.0044
Namibia,1981,0.9874
Madagascar,1981,0.801
North Macedonia,1981,9.7729
Dominica,1981,0.0142
South Africa,1981,256.484
Afghanistan,1981,2.2581
Mexico,1981,259.2155
Russian Federation,1981,1909.5914
Cambodia,1981,0.3034
India,1981,333.9834
Japan,1981,981.5622
Solomon Islands,1981,0.1445
Cuba,1981,33.6578
American Samoa,1981,1.0E-4
Malawi,1981,0.5022
Germany,1981,1099.568
Cameroon,1981,2.1765
El Salvador,1981,2.0175
Ethiopia,1981,1.3629
Iceland,1981,2.3383
New Caledonia,1981,1.6103
Slovenia,1981,11.1322
Austria,1981,58.0285
Bangladesh,1981,7.7976
Czechia,1981,194.1747
Canada,1981,431.8012
Zambia,1981,3.4469
Malaysia,1981,33.4665
Croatia,1981,22.6369
United Kingdom,1981,589.2504
Singapore,1981,16.3664
Ukraine,1981,668.7334
Philippines,1981,33.9426
Cayman Islands,1981,0.0584
Gabon,1981,6.4752
Uruguay,1981,5.3015
Peru,1981,23.3939
Hungary,1981,90.3652
Ghana,1981,3.1744
Vanuatu,1981,0.1012
Sierra Leone,1981,0.4981
Portugal,1981,29.9095
Central African Republic,1981,0.132
Eritrea,1981,0.3395
Guinea,1981,0.6161
Maldives,1981,0.0154
Grenada,1981,0.019
Northern Mariana Islands,1981,0.0
Benin,1981,0.4462
Seychelles,1981,0.117
Guam,1981,2.0E-4
Chad,1981,0.199
Honduras,1981,1.7825
Algeria,1981,54.0019
Nauru,1981,0.0
Tonga,1981,0.0434
Mongolia,1981,8.7512
Senegal,1981,2.2149
Gibraltar,1981,0.0876
Zimbabwe,1981,9.3963
Viet Nam,1981,16.7397
Mali,1981,0.424
Chile,1981,26.3674
New Zealand,1981,18.2046
Guatemala,1981,4.0368
Tunisia,1981,9.7384
Djibouti,1981,0.7786
Mozambique,1981,2.1928
Haiti,1981,0.7533
Eswatini,1981,0.5822
Saudi Arabia,1981,179.189
Equatorial Guinea,1981,0.0832
Palau,1981,2.0249
Australia,1981,223.2913
China,1981,1550.6239
Malta,1981,1.1558
Romania,1981,201.0652
Sao Tome and Principe,1981,0.0197
Cyprus,1981,3.1319
French Polynesia,1981,0.3326
Colombia,1981,41.5927
Guyana,1981,1.7728
Argentina,1981,98.8486
Belarus,1981,100.5281
Myanmar,1981,5.5045
Samoa,1981,0.1011
Mauritius,1981,0.6022
United Arab Emirates,1981,38.0555
Aruba,1981,0.0831
Estonia,1981,41.5264
Comoros,1981,0.0299
Marshall Islands,1981,0.0
Norway,1981,36.0921
Uzbekistan,1981,90.8755
Netherlands,1981,154.196
Thailand,1981,38.6195
Togo,1981,0.4989
Rwanda,1981,0.438
Turkmenistan,1981,30.6847
Bhutan,1981,0.0781
Ecuador,1981,14.0892
Jamaica,1981,6.8042
Dominican Republic,1981,6.5515
Tajikistan,1981,11.6284
Lesotho,1981,0.1005
Tuvalu,1981,0.0
Bosnia and Herzegovina,1981,16.2052
Italy,1981,385.8664
Fiji,1981,1.1237
Syrian Arab Republic,1981,16.1657
Guinea-Bissau,1981,0.0602
Bermuda,1981,0.1535
Belgium,1981,125.8817
Kuwait,1981,31.55
Botswana,1981,1.386
Papua New Guinea,1981,1.7349
Greenland,1981,0.001
Mali,1982,0.3023
Nicaragua,1982,2.0304
Comoros,1982,0.0278
Senegal,1982,2.121
Mongolia,1982,9.4339
Algeria,1982,56.8636
Tonga,1982,0.0427
Nauru,1982,0.0
Chad,1982,0.186
Honduras,1982,1.7531
Gabon,1982,6.4583
Bangladesh,1982,8.4258
Marshall Islands,1982,1.0E-4
Eritrea,1982,0.3176
Seychelles,1982,0.0995
Northern Mariana Islands,1982,0.0
Grenada,1982,0.0178
Maldives,1982,0.0153
Guinea,1982,0.586
Kiribati,1982,0.0285
Norway,1982,32.6731
Tunisia,1982,9.4684
Portugal,1982,31.7952
Central African Republic,1982,0.1321
Myanmar,1982,5.6969
Guinea-Bissau,1982,0.056
Philippines,1982,34.139
French Polynesia,1982,0.4269
Sierra Leone,1982,0.499
Benin,1982,0.5178
Peru,1982,22.9966
Greenland,1982,0.001
Netherlands,1982,143.8991
Brazil,1982,189.3176
Hungary,1982,90.5594
Vanuatu,1982,0.0997
Uruguay,1982,4.9394
Thailand,1982,37.4461
Armenia,1982,17.9588
Cayman Islands,1982,0.059
Malaysia,1982,36.1692
Ukraine,1982,666.7685
Croatia,1982,23.8138
Singapore,1982,17.0288
Zambia,1982,3.3381
Dominica,1982,0.0133
Canada,1982,413.8017
Czechia,1982,196.1563
Guam,1982,2.0E-4
Japan,1982,939.7371
Rwanda,1982,0.4483
Bermuda,1982,0.1521
Slovenia,1982,11.1456
Liberia,1982,1.117
Turkmenistan,1982,31.5264
Finland,1982,46.2679
New Caledonia,1982,1.1154
Iceland,1982,1.9778
El Salvador,1982,1.8845
Cuba,1982,33.4698
Ethiopia,1982,1.2505
Niger,1982,0.6301
Bhutan,1982,0.0777
Malawi,1982,0.4296
Dominican Republic,1982,6.3768
Jordan,1982,7.8403
Cameroon,1982,2.3074
Austria,1982,55.8729
Germany,1982,1053.7098
Pakistan,1982,35.4961
Jamaica,1982,5.8004
Belgium,1982,118.139
Solomon Islands,1982,0.1282
American Samoa,1982,1.0E-4
Gibraltar,1982,0.0976
India,1982,351.8986
Cambodia,1982,0.3279
Russian Federation,1982,1937.3816
Mexico,1982,277.7302
South Africa,1982,262.9773
North Macedonia,1982,8.4176
United States,1982,4464.815
Madagascar,1982,0.7405
Cabo Verde,1982,0.0818
Indonesia,1982,96.402
France,1982,435.3968
Latvia,1982,18.431
Lebanon,1982,5.6155
Oman,1982,12.5807
Spain,1982,212.0279
Botswana,1982,1.4462
Ecuador,1982,14.1844
Tajikistan,1982,11.6831
Kuwait,1982,33.6456
Luxembourg,1982,10.9244
Mauritania,1982,0.4108
Kenya,1982,4.8398
Namibia,1982,0.9162
Burundi,1982,0.0737
Poland,1982,425.2003
Afghanistan,1982,2.3078
Morocco,1982,16.5093
Uganda,1982,0.5479
Sri Lanka,1982,4.9369
Trinidad and Tobago,1982,10.7313
Switzerland,1982,38.7137
Tuvalu,1982,0.0
Papua New Guinea,1982,1.7092
Iraq,1982,38.5215
Lesotho,1982,0.0935
Faroe Islands,1982,0.0014
Albania,1982,7.2731
Panama,1982,3.1335
Burkina Faso,1982,0.2875
Qatar,1982,12.6414
United Kingdom,1982,573.3333
Bahrain,1982,8.7502
Bosnia and Herzegovina,1982,16.7388
Viet Nam,1982,18.1238
Denmark,1982,56.8545
Belize,1982,0.0625
Sudan,1982,3.9444
Mozambique,1982,2.022
Nepal,1982,0.601
Barbados,1982,0.4258
Lithuania,1982,32.0306
Georgia,1982,33.4992
Togo,1982,0.5638
Bulgaria,1982,92.5943
Azerbaijan,1982,42.2707
Fiji,1982,1.0942
Paraguay,1982,1.4334
Suriname,1982,0.5821
Angola,1982,12.7716
Italy,1982,377.6896
Israel,1982,22.4672
Timor-Leste,1982,0.0156
Antigua and Barbuda,1982,0.1479
Uzbekistan,1982,94.0475
Ireland,1982,27.3772
Greece,1982,54.2343
Ghana,1982,2.7334
Guyana,1982,1.4426
Mauritius,1982,0.5545
Kazakhstan,1982,239.2351
Belarus,1982,101.4692
Brunei Darussalam,1982,3.6992
Argentina,1982,98.0588
Colombia,1982,42.1863
Zimbabwe,1982,9.0345
Cyprus,1982,3.1656
Turks and Caicos Islands,1982,0.0039
Samoa,1982,0.1138
Nigeria,1982,69.8955
Sao Tome and Principe,1982,0.0183
Romania,1982,200.4154
Equatorial Guinea,1982,0.064
Malta,1982,1.3232
Costa Rica,1982,1.9729
China,1982,1620.845
Australia,1982,229.5789
Saudi Arabia,1982,183.0974
Palau,1982,2.0104
Sweden,1982,64.9074
United Arab Emirates,1982,38.065
Libya,1982,28.6062
Eswatini,1982,0.5881
Haiti,1982,0.893
Estonia,1982,41.6931
Guatemala,1982,3.6898
Aruba,1982,0.082
Syrian Arab Republic,1982,19.1404
Djibouti,1982,0.7221
New Zealand,1982,19.8876
Chile,1982,22.3648
Barbados,1983,0.4404
Papua New Guinea,1983,1.6891
Ecuador,1983,13.3328
Mozambique,1983,1.8438
Pakistan,1983,37.8817
Greece,1983,57.7187
Panama,1983,3.5931
United States,1983,4448.8296
El Salvador,1983,1.9479
Vanuatu,1983,0.0985
Palau,1983,2.0871
Myanmar,1983,5.5244
Equatorial Guinea,1983,0.0419
Gibraltar,1983,0.0882
Antigua and Barbuda,1983,0.0857
Timor-Leste,1983,0.0224
Bahrain,1983,9.0768
Bangladesh,1983,9.0627
Bermuda,1983,0.1576
Niger,1983,0.6929
Turkmenistan,1983,32.4791
Finland,1983,44.6821
Netherlands,1983,139.3233
Thailand,1983,41.4207
Uzbekistan,1983,97.4802
Bhutan,1983,0.0789
Jamaica,1983,5.8703
Tajikistan,1983,11.8622
Tuvalu,1983,0.0
Bosnia and Herzegovina,1983,17.731
Lesotho,1983,0.1022
Fiji,1983,0.9051
Italy,1983,373.3533
Syrian Arab Republic,1983,22.6137
Botswana,1983,1.4171
Liberia,1983,1.2305
Nicaragua,1983,2.2016
Israel,1983,23.293
Belgium,1983,108.4523
Switzerland,1983,42.8139
Kuwait,1983,36.2551
Brazil,1983,181.6244
Kiribati,1983,0.0281
Libya,1983,27.022
Sweden,1983,59.0786
Brunei Darussalam,1983,4.031
Nigeria,1983,69.9893
Togo,1983,0.4115
Ireland,1983,26.9716
Turks and Caicos Islands,1983,0.0038
Suriname,1983,0.4283
Azerbaijan,1983,43.1303
Bulgaria,1983,91.6535
Georgia,1983,32.9222
Lithuania,1983,32.1946
Nepal,1983,0.8273
Sudan,1983,3.9863
Burkina Faso,1983,0.3139
Faroe Islands,1983,0.0014
Iraq,1983,42.3798
Sri Lanka,1983,5.0394
Uganda,1983,0.524
Trinidad and Tobago,1983,11.1246
Lebanon,1983,5.9904
Burundi,1983,0.0898
Kenya,1983,4.5201
Luxembourg,1983,10.1507
Spain,1983,215.1395
Indonesia,1983,95.4221
Cabo Verde,1983,0.0896
France,1983,416.2645
Madagascar,1983,0.6703
South Africa,1983,265.1674
North Macedonia,1983,7.8511
Cambodia,1983,0.367
India,1983,374.5921
Solomon Islands,1983,0.1407
Austria,1983,55.8885
Cameroon,1983,4.6581
Germany,1983,1069.2294
Malawi,1983,0.3892
Ethiopia,1983,1.3352
Iceland,1983,2.0192
Slovenia,1983,13.871
Canada,1983,407.4515
New Caledonia,1983,1.0093
Zambia,1983,3.2461
Belarus,1983,102.0095
Latvia,1983,18.6516
Singapore,1983,18.3485
Ukraine,1983,667.3253
Cayman Islands,1983,0.0621
Uruguay,1983,3.9365
Malaysia,1983,41.027
Hungary,1983,86.8456
Sierra Leone,1983,0.5212
Central African Republic,1983,0.1542
Maldives,1983,0.0151
Tonga,1983,0.0422
Seychelles,1983,0.188
Northern Mariana Islands,1983,0.0
Honduras,1983,2.0157
Nauru,1983,0.0
Chad,1983,0.1996
Gabon,1983,5.9314
Algeria,1983,59.1935
Senegal,1983,2.1127
New Zealand,1983,20.0621
Chile,1983,22.8681
Mali,1983,0.3254
Eswatini,1983,0.4407
Haiti,1983,0.9832
Saudi Arabia,1983,182.0738
Kazakhstan,1983,234.7266
Australia,1983,218.0498
China,1983,1705.597
Malta,1983,0.981
Sao Tome and Principe,1983,0.02
Colombia,1983,44.2742
Guyana,1983,1.2941
Samoa,1983,0.1124
United Arab Emirates,1983,36.7928
Comoros,1983,0.0304
Marshall Islands,1983,1.0E-4
Norway,1983,32.5463
Guinea-Bissau,1983,0.0612
Rwanda,1983,0.4994
Costa Rica,1983,2.0027
Angola,1983,13.2214
Viet Nam,1983,19.5437
Mauritania,1983,0.4459
Argentina,1983,101.4914
Russian Federation,1983,1971.0703
Croatia,1983,27.6031
Guinea,1983,0.6462
Zimbabwe,1983,8.9446
Afghanistan,1983,2.9981
Romania,1983,202.7025
Japan,1983,943.221
Estonia,1983,41.4294
Cuba,1983,36.0403
Mauritius,1983,0.6307
French Polynesia,1983,0.5619
Qatar,1983,11.3259
Aruba,1983,0.0846
Cyprus,1983,3.1513
Tunisia,1983,11.0
Ghana,1983,1.7269
Guatemala,1983,3.1342
Portugal,1983,30.8369
Czechia,1983,196.8097
American Samoa,1983,1.0E-4
Mexico,1983,261.4111
Poland,1983,429.172
Oman,1983,14.3171
United Kingdom,1983,566.5014
Denmark,1983,53.3159
Namibia,1983,1.0
Belize,1983,0.0613
Guam,1983,2.0E-4
Philippines,1983,36.592
Djibouti,1983,0.5936
Mongolia,1983,9.682
Albania,1983,7.7923
Eritrea,1983,0.3225
Grenada,1983,0.0174
Peru,1983,19.5105
Jordan,1983,9.0559
Dominica,1983,0.0131
Benin,1983,0.5109
Morocco,1983,17.3606
Greenland,1983,0.001
Paraguay,1983,1.3961
Armenia,1983,18.0128
Dominican Republic,1983,7.3847
Qatar,1984,16.3488
Argentina,1984,100.8878
Mauritius,1984,0.6777
Cuba,1984,38.0321
American Samoa,1984,1.0E-4
Japan,1984,1011.0254
Belize,1984,0.0727
Aruba,1984,0.0988
Romania,1984,200.0698
Estonia,1984,40.3965
Philippines,1984,32.337
Bahrain,1984,9.2868
Guinea,1984,0.6285
Croatia,1984,27.8815
Mauritania,1984,0.6234
Russian Federation,1984,2005.968
Zimbabwe,1984,9.3904
Viet Nam,1984,19.5969
Costa Rica,1984,2.0792
Angola,1984,13.3566
Rwanda,1984,0.4436
Norway,1984,34.5238
Jordan,1984,9.9188
Guinea-Bissau,1984,0.0783
Marshall Islands,1984,1.0E-4
Comoros,1984,0.0294
United Arab Emirates,1984,49.9812
Samoa,1984,0.1253
Guyana,1984,1.4026
Colombia,1984,45.0138
Sao Tome and Principe,1984,0.0193
Finland,1984,46.026
Malta,1984,1.3383
China,1984,1858.5447
Australia,1984,223.8353
Saudi Arabia,1984,136.735
Haiti,1984,1.0128
Eswatini,1984,0.4998
Timor-Leste,1984,0.029
Djibouti,1984,0.4776
Mali,1984,0.3177
Chile,1984,24.1013
Kazakhstan,1984,227.2332
Senegal,1984,2.2599
New Zealand,1984,20.4562
Algeria,1984,62.359
Gibraltar,1984,0.0849
Mongolia,1984,10.3161
Chad,1984,0.0977
Honduras,1984,2.0639
Eritrea,1984,0.3238
Equatorial Guinea,1984,0.045
Nauru,1984,0.0
Myanmar,1984,6.0369
Northern Mariana Islands,1984,0.0
Seychelles,1984,0.191
Grenada,1984,0.0193
Palau,1984,2.3082
French Polynesia,1984,0.751
Maldives,1984,0.0511
Tonga,1984,0.0377
Central African Republic,1984,0.1397
Antigua and Barbuda,1984,0.1046
Ukraine,1984,670.2795
Sierra Leone,1984,0.4891
Peru,1984,20.2414
Vanuatu,1984,0.0879
Latvia,1984,18.7219
Hungary,1984,88.4117
Malaysia,1984,43.1631
Turks and Caicos Islands,1984,0.0042
Cayman Islands,1984,0.0737
Singapore,1984,18.2143
Zambia,1984,3.1867
New Caledonia,1984,1.0716
Belarus,1984,101.5419
Canada,1984,426.8059
Slovenia,1984,13.8691
Iceland,1984,2.244
Malawi,1984,0.3595
El Salvador,1984,1.9027
Ethiopia,1984,1.2428
Germany,1984,1085.415
Cameroon,1984,4.8687
Austria,1984,57.6956
Solomon Islands,1984,0.1255
Uruguay,1984,3.5332
Cambodia,1984,0.3673
India,1984,412.8564
North Macedonia,1984,9.1737
South Africa,1984,282.7046
France,1984,404.6958
Madagascar,1984,0.8634
United States,1984,4654.628
Dominica,1984,0.0145
Panama,1984,3.0011
Cabo Verde,1984,0.1056
Indonesia,1984,97.6447
Spain,1984,204.2279
Luxembourg,1984,11.1936
Kenya,1984,5.2362
Trinidad and Tobago,1984,11.6446
Burundi,1984,0.1064
Uganda,1984,0.5444
Pakistan,1984,39.869
Morocco,1984,17.532
Benin,1984,0.5248
Lebanon,1984,6.121
Sri Lanka,1984,4.4195
Iraq,1984,47.718
Faroe Islands,1984,0.0014
Burkina Faso,1984,0.304
Togo,1984,0.4568
Sudan,1984,3.6194
Greenland,1984,0.001
Greece,1984,59.0416
Nepal,1984,0.8878
Lithuania,1984,32.7847
Georgia,1984,32.6367
Bulgaria,1984,90.1144
Paraguay,1984,1.5337
Mozambique,1984,1.5537
Azerbaijan,1984,43.9104
Suriname,1984,0.3783
Ireland,1984,26.9873
Nigeria,1984,70.3045
Brunei Darussalam,1984,3.904
Libya,1984,27.4952
Sweden,1984,58.5732
Kuwait,1984,36.9291
Kiribati,1984,0.0126
Belgium,1984,111.2477
Brazil,1984,184.7531
Switzerland,1984,42.307
Israel,1984,24.1389
Armenia,1984,18.1496
Ecuador,1984,14.0005
Liberia,1984,1.0926
Nicaragua,1984,1.9993
Botswana,1984,1.4121
Syrian Arab Republic,1984,25.3353
Italy,1984,378.8291
Fiji,1984,0.7546
Lesotho,1984,0.0988
Bosnia and Herzegovina,1984,18.5067
Tuvalu,1984,0.0
Tajikistan,1984,11.817
Bhutan,1984,0.0774
Papua New Guinea,1984,1.7571
Dominican Republic,1984,7.7668
Barbados,1984,0.4103
Bangladesh,1984,8.7725
Thailand,1984,44.7113
Uzbekistan,1984,101.2431
Netherlands,1984,145.4605
Afghanistan,1984,3.2205
Albania,1984,8.4313
Oman,1984,12.2617
Turkmenistan,1984,33.6443
Denmark,1984,54.9526
United Kingdom,1984,550.2016
Namibia,1984,0.9637
Jamaica,1984,5.4732
Niger,1984,0.581
Poland,1984,444.4833
Mexico,1984,265.1319
Gabon,1984,6.8603
Guam,1984,2.0E-4
Bermuda,1984,0.1705
Czechia,1984,199.3643
Portugal,1984,30.1216
Guatemala,1984,3.5176
Tunisia,1984,11.4605
Ghana,1984,2.0009
Cyprus,1984,3.2033
Finland,1985,50.4606
Uzbekistan,1985,105.1277
Nicaragua,1985,2.0172
France,1985,394.4331
New Caledonia,1985,1.4273
French Polynesia,1985,0.7186
New Zealand,1985,21.4536
Tunisia,1985,11.8588
Afghanistan,1985,4.1138
Barbados,1985,0.4992
Benin,1985,0.6179
Jamaica,1985,4.8742
Timor-Leste,1985,0.0429
Bahrain,1985,9.6479
Bermuda,1985,0.1664
Turkmenistan,1985,34.8143
Thailand,1985,48.7455
Bangladesh,1985,9.7969
Bhutan,1985,0.0824
Tajikistan,1985,12.3247
Bosnia and Herzegovina,1985,19.5125
Lesotho,1985,0.1081
Italy,1985,378.5655
Syrian Arab Republic,1985,22.8587
Tuvalu,1985,0.0
Botswana,1985,1.5115
Liberia,1985,1.0966
Israel,1985,25.81
Switzerland,1985,45.5086
Brazil,1985,198.0474
Kiribati,1985,0.0139
Belgium,1985,108.8181
Sweden,1985,62.5581
Libya,1985,25.1993
Ireland,1985,28.591
Brunei Darussalam,1985,3.8488
Kuwait,1985,40.8375
Suriname,1985,0.4912
Azerbaijan,1985,44.6353
Bulgaria,1985,92.2805
Lithuania,1985,32.7524
Sudan,1985,4.2632
Lebanon,1985,7.1238
Burkina Faso,1985,0.2941
Iraq,1985,54.7196
Sri Lanka,1985,4.0204
Uganda,1985,0.5654
Burundi,1985,0.1064
Kenya,1985,5.383
Luxembourg,1985,11.3163
Trinidad and Tobago,1985,11.8691
Spain,1985,197.4593
Indonesia,1985,106.0383
Cabo Verde,1985,0.1052
South Africa,1985,287.4035
Madagascar,1985,0.7886
India,1985,431.4063
Cambodia,1985,0.4045
Solomon Islands,1985,0.1247
Austria,1985,59.1673
Cameroon,1985,4.7794
Malawi,1985,0.3771
Iceland,1985,2.1331
Belarus,1985,101.5375
Slovenia,1985,13.5147
Canada,1985,426.6775
Zambia,1985,3.1912
Singapore,1985,19.0092
Cayman Islands,1985,0.0763
Malaysia,1985,42.7161
Hungary,1985,88.3526
Sierra Leone,1985,0.5386
Ukraine,1985,672.2963
Tonga,1985,0.0416
Central African Republic,1985,0.1394
Maldives,1985,0.0564
Seychelles,1985,0.1998
Honduras,1985,1.8622
Chad,1985,0.1167
Algeria,1985,71.6847
Senegal,1985,2.3373
Kazakhstan,1985,220.409
Chile,1985,23.2635
Mali,1985,0.3429
Haiti,1985,1.047
Saudi Arabia,1985,135.6655
Australia,1985,237.9382
China,1985,1878.472
Sao Tome and Principe,1985,0.0192
Colombia,1985,46.5585
Guyana,1985,1.4407
Samoa,1985,0.1107
United Arab Emirates,1985,51.8115
Comoros,1985,0.0293
Marshall Islands,1985,1.0E-4
Zimbabwe,1985,10.8694
Guinea-Bissau,1985,0.0876
Rwanda,1985,0.4638
Costa Rica,1985,2.1919
Viet Nam,1985,19.7578
Russian Federation,1985,2044.2919
Mauritania,1985,0.6187
Croatia,1985,28.6557
Guinea,1985,0.5891
Romania,1985,199.0944
Aruba,1985,0.1043
Cuba,1985,35.3968
Mauritius,1985,0.6364
Albania,1985,8.0741
Qatar,1985,15.4516
Japan,1985,983.4339
Cyprus,1985,3.147
Guatemala,1985,3.6965
Portugal,1985,28.6681
Czechia,1985,196.7566
Mexico,1985,274.3599
Poland,1985,454.6339
United Kingdom,1985,576.7909
Denmark,1985,62.7495
Guam,1985,2.0E-4
Jordan,1985,10.1423
American Samoa,1985,1.0E-4
Philippines,1985,32.0938
Djibouti,1985,0.4759
Belize,1985,0.073
Mongolia,1985,11.9278
Grenada,1985,0.0194
Peru,1985,19.5526
Dominica,1985,0.0145
Morocco,1985,18.2593
Greenland,1985,0.001
Turks and Caicos Islands,1985,0.0042
Paraguay,1985,1.531
Armenia,1985,18.2334
Dominican Republic,1985,6.8229
Papua New Guinea,1985,1.939
Ecuador,1985,15.0605
Mozambique,1985,1.5763
Greece,1985,62.455
Panama,1985,2.818
El Salvador,1985,2.0802
Vanuatu,1985,0.1108
Palau,1985,1.8678
United States,1985,4680.8535
Myanmar,1985,6.3629
Equatorial Guinea,1985,0.0422
Gibraltar,1985,0.0912
Pakistan,1985,43.9384
Eritrea,1985,0.3332
Namibia,1985,1.0575
Ghana,1985,2.3412
Oman,1985,9.5524
Argentina,1985,94.2626
Estonia,1985,39.571
Angola,1985,14.1038
Norway,1985,34.983
Latvia,1985,18.7631
Eswatini,1985,0.5748
Nauru,1985,0.0
Northern Mariana Islands,1985,0.0
Ethiopia,1985,1.2923
Germany,1985,1085.9982
North Macedonia,1985,9.7262
Uruguay,1985,3.3208
Togo,1985,0.4307
Faroe Islands,1985,0.0014
Nepal,1985,0.6772
Georgia,1985,32.1987
Nigeria,1985,73.2217
Fiji,1985,0.845
Netherlands,1985,149.7301
Gabon,1985,7.8407
Niger,1985,0.5981
Antigua and Barbuda,1985,0.105
Malta,1985,1.1693
Vanuatu,1986,0.0891
United Kingdom,1986,590.7844
Canada,1986,416.6078
Slovenia,1986,13.4169
Mexico,1986,269.979
Iceland,1986,2.1402
Costa Rica,1986,2.2875
Poland,1986,462.2453
Malawi,1986,0.3644
Belarus,1986,101.9888
Djibouti,1986,0.4449
Ethiopia,1986,1.6232
Angola,1986,14.2462
Jordan,1986,10.7758
Germany,1986,1079.8575
Antigua and Barbuda,1986,0.111
Rwanda,1986,0.4675
Cameroon,1986,5.7872
Austria,1986,57.959
Peru,1986,21.287
Norway,1986,37.3747
Solomon Islands,1986,0.0983
Czechia,1986,194.8022
Afghanistan,1986,3.9312
Zambia,1986,3.2862
American Samoa,1986,1.0E-4
Guinea-Bissau,1986,0.0785
Portugal,1986,32.7765
Cambodia,1986,0.3521
India,1986,468.5923
Philippines,1986,30.1874
Togo,1986,0.6394
Dominican Republic,1986,7.6301
North Macedonia,1986,10.0072
Finland,1986,50.566
Marshall Islands,1986,1.0E-4
Madagascar,1986,0.7453
South Africa,1986,285.0822
Guam,1986,2.0E-4
Trinidad and Tobago,1986,11.6825
Comoros,1986,0.017
United Arab Emirates,1986,50.2341
Samoa,1986,0.0836
Cabo Verde,1986,0.034
Indonesia,1986,117.1036
Latvia,1986,19.116
Cyprus,1986,3.4982
Uruguay,1986,3.2503
Zimbabwe,1986,12.4172
Guyana,1986,1.3645
Japan,1986,980.4563
Spain,1986,201.3027
Colombia,1986,47.0766
Luxembourg,1986,11.0478
Kenya,1986,6.0123
Sao Tome and Principe,1986,0.0221
Burundi,1986,0.1116
Qatar,1986,16.2324
Uganda,1986,0.6221
Sri Lanka,1986,3.9777
Belize,1986,0.0942
Tunisia,1986,12.2082
Iraq,1986,61.4166
Argentina,1986,101.6906
Burkina Faso,1986,0.358
New Caledonia,1986,1.3676
Faroe Islands,1986,0.0015
Malta,1986,1.8837
Lebanon,1986,7.5219
Sudan,1986,4.1567
Benin,1986,0.5541
Grenada,1986,0.0233
China,1986,1994.7303
Australia,1986,238.398
Nepal,1986,0.8956
Saudi Arabia,1986,135.8467
Lithuania,1986,33.2813
Denmark,1986,63.3806
Georgia,1986,31.9135
France,1986,382.3247
Kuwait,1986,43.9425
Haiti,1986,0.9791
Bulgaria,1986,93.3782
Guatemala,1986,3.2106
Suriname,1986,0.4973
New Zealand,1986,20.917
Eswatini,1986,0.6343
Timor-Leste,1986,0.0491
Nigeria,1986,71.5459
Nicaragua,1986,2.3856
Namibia,1986,1.1568
Brunei Darussalam,1986,3.6238
Azerbaijan,1986,45.5097
Mali,1986,0.2759
Belgium,1986,109.3824
Ireland,1986,29.5527
Mauritius,1986,0.7882
Chile,1986,23.5364
Libya,1986,28.6249
Sweden,1986,64.2139
Paraguay,1986,1.6347
Senegal,1986,2.2366
Brazil,1986,216.9281
Kiribati,1986,0.0124
Switzerland,1986,45.4176
Cuba,1986,36.0346
Israel,1986,28.1203
Aruba,1986,0.1139
Algeria,1986,74.9493
Morocco,1986,18.7532
Liberia,1986,0.8531
Chad,1986,0.2
Botswana,1986,1.7384
Kazakhstan,1986,221.0463
Tuvalu,1986,0.0
Syrian Arab Republic,1986,23.8387
Honduras,1986,1.8977
Italy,1986,380.4168
Armenia,1986,18.4237
Nauru,1986,0.0
Romania,1986,204.9191
Fiji,1986,0.8684
Barbados,1986,0.5395
Lesotho,1986,0.1175
Estonia,1986,38.5553
Bosnia and Herzegovina,1986,20.4522
Tajikistan,1986,12.7785
Ghana,1986,2.5388
Eritrea,1986,0.2914
Bhutan,1986,0.083
Thailand,1986,50.394
Northern Mariana Islands,1986,0.0
Bangladesh,1986,10.7838
French Polynesia,1986,0.789
Uzbekistan,1986,109.5092
Netherlands,1986,152.0644
Greenland,1986,0.0011
Croatia,1986,31.1825
Seychelles,1986,0.1971
Gabon,1986,5.6285
Guinea,1986,0.7371
Turkmenistan,1986,36.0427
Maldives,1986,0.0564
Niger,1986,0.7803
Mongolia,1986,13.062
Central African Republic,1986,0.1742
Tonga,1986,0.0224
Gibraltar,1986,0.1171
Bermuda,1986,0.163
Albania,1986,8.1515
Turks and Caicos Islands,1986,0.0044
Ukraine,1986,686.4212
Equatorial Guinea,1986,0.0484
Myanmar,1986,6.6657
Sierra Leone,1986,0.5968
United States,1986,4643.3364
Palau,1986,2.036
Oman,1986,11.3448
Mauritania,1986,0.3867
El Salvador,1986,2.0631
Panama,1986,2.9145
Jamaica,1986,4.6569
Hungary,1986,86.9606
Pakistan,1986,47.1462
Bahrain,1986,10.9692
Russian Federation,1986,2111.4028
Greece,1986,62.0481
Dominica,1986,0.0125
Malaysia,1986,43.9616
Mozambique,1986,1.5411
Viet Nam,1986,21.6848
Ecuador,1986,15.7505
Papua New Guinea,1986,1.7213
Cayman Islands,1986,0.0844
Singapore,1986,19.3553
Vanuatu,1987,0.0879
Dominican Republic,1987,8.7692
Armenia,1987,18.6214
Paraguay,1987,1.8162
Greenland,1987,0.0011
Morocco,1987,19.2085
Belize,1987,0.0822
Dominica,1987,0.0185
Peru,1987,23.0182
Grenada,1987,0.0307
Mongolia,1987,13.8694
Bahrain,1987,10.7213
Eritrea,1987,0.2966
Djibouti,1987,0.6428
American Samoa,1987,1.0E-4
Philippines,1987,37.0019
Guam,1987,2.0E-4
Denmark,1987,61.4153
Namibia,1987,1.7704
Mexico,1987,281.3654
Ghana,1987,2.7069
Timor-Leste,1987,0.0558
United Kingdom,1987,595.436
Oman,1987,11.0224
Benin,1987,0.5035
Poland,1987,478.2041
Czechia,1987,194.6463
Japan,1987,987.7603
Portugal,1987,32.8704
Jordan,1987,12.0242
Cyprus,1987,4.06
Argentina,1987,107.3019
Qatar,1987,16.3984
Latvia,1987,19.3678
Guatemala,1987,3.5898
Mauritius,1987,0.8335
Cuba,1987,39.2501
Aruba,1987,0.1289
Jamaica,1987,4.8177
Estonia,1987,37.9292
Romania,1987,212.2798
Croatia,1987,30.4092
Guinea,1987,1.0722
Mauritania,1987,0.7058
Russian Federation,1987,2173.6433
Viet Nam,1987,24.1185
Costa Rica,1987,2.4117
United Arab Emirates,1987,52.068
Barbados,1987,0.5103
Angola,1987,14.5017
Norway,1987,36.0526
Tunisia,1987,12.3458
Rwanda,1987,0.4727
Guinea-Bissau,1987,0.1829
Albania,1987,8.2928
Marshall Islands,1987,1.0E-4
Comoros,1987,0.0503
Samoa,1987,0.0952
Colombia,1987,49.1018
Sao Tome and Principe,1987,0.0311
Guyana,1987,1.3454
Malta,1987,1.9747
Zimbabwe,1987,15.814
China,1987,2133.275
Saudi Arabia,1987,147.2423
Haiti,1987,1.0568
Eswatini,1987,0.6654
Mali,1987,0.4361
Chile,1987,23.7718
Australia,1987,249.5873
Senegal,1987,2.2534
Algeria,1987,72.2307
Chad,1987,0.2503
New Zealand,1987,22.021
Nauru,1987,0.0
Honduras,1987,2.1036
Germany,1987,1071.914
Turks and Caicos Islands,1987,0.0047
Northern Mariana Islands,1987,1.0E-4
Maldives,1987,0.0641
Kazakhstan,1987,235.7268
Seychelles,1987,0.2943
Central African Republic,1987,0.2235
Ukraine,1987,707.7493
Sierra Leone,1987,0.8995
Tonga,1987,0.0573
Hungary,1987,88.0673
Malaysia,1987,44.797
Cayman Islands,1987,0.0949
Canada,1987,429.3455
Slovenia,1987,12.7663
Iceland,1987,2.1782
Malawi,1987,0.4844
Antigua and Barbuda,1987,0.1466
Ethiopia,1987,1.9005
Togo,1987,0.6936
Cameroon,1987,5.2619
Austria,1987,58.5435
Belarus,1987,102.5873
Solomon Islands,1987,0.1304
Zambia,1987,3.2524
Trinidad and Tobago,1987,12.0047
Cambodia,1987,0.399
India,1987,501.4283
North Macedonia,1987,9.6309
Madagascar,1987,0.8087
South Africa,1987,301.1319
Kenya,1987,6.2544
Afghanistan,1987,3.261
Cabo Verde,1987,0.0505
Indonesia,1987,120.215
French Polynesia,1987,0.8985
Uruguay,1987,3.6831
New Caledonia,1987,1.4976
Luxembourg,1987,10.4453
Spain,1987,202.4662
Burundi,1987,0.1622
Uganda,1987,0.695
Sri Lanka,1987,4.5597
Kuwait,1987,47.2083
Burkina Faso,1987,0.5081
Faroe Islands,1987,0.0015
Sudan,1987,3.2099
Iraq,1987,61.1456
Lithuania,1987,33.6281
France,1987,375.4933
Nepal,1987,0.9529
Georgia,1987,32.3234
Bulgaria,1987,93.717
Lebanon,1987,7.6919
Suriname,1987,0.3947
Belgium,1987,109.4873
Nigeria,1987,67.7418
Brunei Darussalam,1987,3.7274
Azerbaijan,1987,46.4817
Ireland,1987,31.1137
Libya,1987,28.0486
Sweden,1987,62.2493
Brazil,1987,222.9273
Switzerland,1987,43.8293
Israel,1987,30.6839
Kiribati,1987,0.0166
Liberia,1987,0.8929
Botswana,1987,1.804
Tuvalu,1987,0.0
Syrian Arab Republic,1987,30.2797
Italy,1987,399.9751
Lesotho,1987,0.1647
Nicaragua,1987,2.4124
Fiji,1987,0.7884
Bosnia and Herzegovina,1987,18.8931
Tajikistan,1987,12.9902
Bhutan,1987,0.1286
Thailand,1987,58.1579
Bangladesh,1987,11.8904
Netherlands,1987,156.3297
Turkmenistan,1987,37.1689
Gabon,1987,4.7994
Uzbekistan,1987,113.6445
Niger,1987,0.7741
Finland,1987,55.2279
Bermuda,1987,0.2483
Gibraltar,1987,0.1286
Myanmar,1987,5.0601
Equatorial Guinea,1987,0.0515
United States,1987,4800.694
Palau,1987,2.1344
El Salvador,1987,2.4665
Pakistan,1987,54.5351
Panama,1987,3.2242
Greece,1987,67.2378
Mozambique,1987,1.5403
Ecuador,1987,14.4934
Papua New Guinea,1987,2.189
Singapore,1987,19.7451
Jamaica,1988,5.0577
Turks and Caicos Islands,1988,0.0051
Belgium,1988,111.7399
Tonga,1988,0.0727
Belize,1988,0.0647
Afghanistan,1988,3.0734
Togo,1988,0.68
Benin,1988,0.456
Timor-Leste,1988,0.0698
Bahrain,1988,11.315
Bermuda,1988,0.2916
Thailand,1988,66.1738
Bhutan,1988,0.1335
Tajikistan,1988,13.2002
Bosnia and Herzegovina,1988,19.2747
Syrian Arab Republic,1988,29.7114
Tuvalu,1988,0.0
Botswana,1988,2.1645
Switzerland,1988,43.7875
Brazil,1988,227.7656
Sweden,1988,60.4935
Azerbaijan,1988,46.3751
Brunei Darussalam,1988,4.0582
Suriname,1988,0.4807
Lebanon,1988,5.9334
Bulgaria,1988,92.8597
Sudan,1988,4.6237
Burkina Faso,1988,0.4985
Sri Lanka,1988,4.3909
Uganda,1988,0.7496
Burundi,1988,0.2297
Spain,1988,206.6193
Cabo Verde,1988,0.0625
South Africa,1988,304.7256
Cambodia,1988,0.4295
Solomon Islands,1988,0.159
Austria,1988,57.1467
Cameroon,1988,3.3161
Slovenia,1988,17.0705
Canada,1988,460.3671
Singapore,1988,22.213
Cayman Islands,1988,0.108
Sierra Leone,1988,0.9133
Ukraine,1988,715.7913
Kazakhstan,1988,243.7989
Central African Republic,1988,0.2057
Seychelles,1988,0.4006
Chad,1988,0.1432
Senegal,1988,2.167
Australia,1988,258.3861
Chile,1988,28.2832
Zimbabwe,1988,15.3308
Saudi Arabia,1988,159.3562
China,1988,2293.579
Sao Tome and Principe,1988,0.0286
Colombia,1988,49.6134
Samoa,1988,0.0959
Comoros,1988,0.0462
Rwanda,1988,0.5455
United Arab Emirates,1988,50.9892
Costa Rica,1988,2.5532
Russian Federation,1988,2225.3557
Croatia,1988,33.4219
Romania,1988,216.4111
Aruba,1988,0.143
Cuba,1988,40.9294
Qatar,1988,16.754
Cyprus,1988,4.1148
Portugal,1988,33.917
Japan,1988,1060.6443
Czechia,1988,190.6303
Poland,1988,468.0132
United Kingdom,1988,593.1433
Denmark,1988,57.4943
Philippines,1988,38.5498
Djibouti,1988,0.577
Peru,1988,23.3072
Dominica,1988,0.0213
Paraguay,1988,2.0508
Armenia,1988,18.5265
Dominican Republic,1988,8.8015
Papua New Guinea,1988,2.0541
Ecuador,1988,16.2735
Panama,1988,2.4675
El Salvador,1988,2.4399
Palau,1988,2.043
United States,1988,5021.186
Equatorial Guinea,1988,0.0579
Pakistan,1988,58.7239
Eritrea,1988,0.3056
Oman,1988,12.2786
Latvia,1988,19.3257
Argentina,1988,111.0867
Estonia,1988,36.0051
Norway,1988,37.0671
Eswatini,1988,0.7096
Northern Mariana Islands,1988,1.0E-4
Ethiopia,1988,1.9845
North Macedonia,1988,9.7581
Uruguay,1988,4.7388
Faroe Islands,1988,0.0016
Nigeria,1988,77.0232
Fiji,1988,0.7779
Niger,1988,0.7996
Antigua and Barbuda,1988,0.1582
Finland,1988,53.8721
Nicaragua,1988,2.1568
France,1988,375.5619
New Zealand,1988,23.3094
French Polynesia,1988,0.8902
New Caledonia,1988,1.4606
Uzbekistan,1988,116.4057
Gabon,1988,4.9602
Netherlands,1988,156.3213
Georgia,1988,31.8384
Nepal,1988,0.9553
Angola,1988,14.9409
Germany,1988,1065.6207
Nauru,1988,0.0
Ghana,1988,2.8426
Namibia,1988,1.8045
Gibraltar,1988,0.1439
Myanmar,1988,4.7668
Greece,1988,71.7444
Mozambique,1988,1.5484
Vanuatu,1988,0.1158
Greenland,1988,0.0011
Morocco,1988,20.2443
Grenada,1988,0.0341
Mongolia,1988,14.7068
American Samoa,1988,1.0E-4
Guam,1988,2.0E-4
Mexico,1988,280.0141
Guatemala,1988,3.5282
Mauritius,1988,0.9229
Jordan,1988,11.5879
Guinea,1988,1.0063
Mauritania,1988,0.836
Viet Nam,1988,23.6751
Guinea-Bissau,1988,0.1935
Marshall Islands,1988,1.0E-4
Guyana,1988,1.3954
Albania,1988,8.1997
Malta,1988,2.1477
Algeria,1988,72.9398
Haiti,1988,1.1321
Mali,1988,0.2392
Honduras,1988,2.2516
Maldives,1988,0.0782
Hungary,1988,83.3609
Malaysia,1988,47.9116
Iceland,1988,2.2991
Malawi,1988,0.4285
Zambia,1988,3.5293
India,1988,532.2927
Madagascar,1988,0.7469
Kenya,1988,6.2213
Indonesia,1988,128.6681
Luxembourg,1988,10.9161
Kuwait,1988,56.7308
Iraq,1988,65.8111
Lithuania,1988,33.6101
Ireland,1988,30.2311
Libya,1988,29.5018
Israel,1988,32.5607
Liberia,1988,1.0728
Kiribati,1988,0.0167
Italy,1988,404.7373
Lesotho,1988,0.105
Bangladesh,1988,12.7417
Turkmenistan,1988,38.0978
Barbados,1988,0.5233
Tunisia,1988,13.1372
Belarus,1988,100.999
Trinidad and Tobago,1988,12.7783
Namibia,1989,1.592
Greenland,1989,0.0011
Paraguay,1989,2.0519
Zambia,1989,3.6516
Turkmenistan,1989,38.9233
Jamaica,1989,6.4715
Dominican Republic,1989,9.3755
Tunisia,1989,14.1765
Bulgaria,1989,91.7036
Fiji,1989,0.9006
Vanuatu,1989,0.0984
Papua New Guinea,1989,2.0314
Nigeria,1989,79.5161
Azerbaijan,1989,46.5075
Eritrea,1989,0.313
Latvia,1989,18.9766
Ecuador,1989,16.3393
Mozambique,1989,1.5313
Bermuda,1989,0.3626
Timor-Leste,1989,0.0673
Finland,1989,53.8933
Greece,1989,76.4255
Antigua and Barbuda,1989,0.1621
Pakistan,1989,63.4662
Sudan,1989,4.1647
Panama,1989,2.5774
Afghanistan,1989,2.8825
El Salvador,1989,2.4338
Niger,1989,0.82
Palau,1989,2.1334
United States,1989,5078.843
Equatorial Guinea,1989,0.0772
Benin,1989,0.4022
Burkina Faso,1989,0.4131
Myanmar,1989,4.7104
Bahrain,1989,11.4205
Belgium,1989,112.8149
Gibraltar,1989,0.1375
Barbados,1989,0.5961
Ireland,1989,31.2739
Gabon,1989,6.2587
Germany,1989,1050.4333
Honduras,1989,2.4993
Chad,1989,0.1454
Zimbabwe,1989,15.5228
Libya,1989,28.7853
Senegal,1989,2.2776
Hungary,1989,81.112
Cambodia,1989,0.4152
Northern Mariana Islands,1989,1.0E-4
France,1989,390.0761
Australia,1989,274.164
Chile,1989,33.9762
Mali,1989,0.4047
India,1989,570.1184
Suriname,1989,0.5715
Nicaragua,1989,1.7165
Albania,1989,7.9061
Haiti,1989,1.1616
Sweden,1989,57.6231
Saudi Arabia,1989,160.5475
China,1989,2372.091
Belarus,1989,97.5202
Algeria,1989,73.1945
Angola,1989,15.1036
Brazil,1989,230.9657
Turks and Caicos Islands,1989,0.0052
Malta,1989,2.3284
Switzerland,1989,43.6013
Ethiopia,1989,2.0929
Madagascar,1989,0.7754
Sierra Leone,1989,0.8041
Nauru,1989,0.0
Lithuania,1989,33.1311
Sri Lanka,1989,4.1764
South Africa,1989,301.4446
Malawi,1989,0.4875
Guyana,1989,1.234
Sao Tome and Principe,1989,0.0263
Colombia,1989,51.1495
Togo,1989,0.6899
Burundi,1989,0.2439
Slovenia,1989,15.866
Israel,1989,33.7918
Samoa,1989,0.1186
New Caledonia,1989,1.5925
Comoros,1989,0.0427
Marshall Islands,1989,1.0E-4
North Macedonia,1989,10.0342
Liberia,1989,0.8
Kazakhstan,1989,240.8469
Kenya,1989,6.5662
Uruguay,1989,5.1086
Guinea-Bissau,1989,0.181
Kuwait,1989,66.2705
Rwanda,1989,0.5471
United Arab Emirates,1989,56.936
Costa Rica,1989,2.8839
Viet Nam,1989,20.3305
Ukraine,1989,711.9354
Cabo Verde,1989,0.0695
Central African Republic,1989,0.1902
Tonga,1989,0.086
Faroe Islands,1989,0.0016
Russian Federation,1989,2236.9497
Botswana,1989,2.3856
Mauritania,1989,0.8891
Canada,1989,475.4978
Kiribati,1989,0.0161
Indonesia,1989,134.4848
Cameroon,1989,4.7633
Guinea,1989,0.9064
Croatia,1989,31.9666
Tuvalu,1989,0.0
Syrian Arab Republic,1989,28.6722
Netherlands,1989,159.5544
Jordan,1989,9.5111
Romania,1989,214.9045
Austria,1989,57.1501
Spain,1989,224.914
Aruba,1989,0.1976
Cuba,1989,41.7198
Mauritius,1989,1.0403
Nepal,1989,0.7676
Solomon Islands,1989,0.1532
Luxembourg,1989,11.716
Italy,1989,422.8705
Uganda,1989,0.7049
Guatemala,1989,3.7605
Qatar,1989,17.503
Cyprus,1989,4.3515
Portugal,1989,42.3899
Czechia,1989,183.093
Lesotho,1989,0.1398
Singapore,1989,23.5183
Eswatini,1989,0.7439
Norway,1989,36.0713
Brunei Darussalam,1989,3.9947
Poland,1989,447.1088
Japan,1989,1090.4708
United Kingdom,1989,579.5365
Mexico,1989,293.3045
Uzbekistan,1989,117.8553
Iceland,1989,2.2993
Guam,1989,2.0E-4
Seychelles,1989,0.3838
Denmark,1989,51.81
Bosnia and Herzegovina,1989,19.601
Tajikistan,1989,13.2828
Philippines,1989,39.9291
Maldives,1989,0.0754
Estonia,1989,32.7577
Argentina,1989,107.7843
Cayman Islands,1989,0.1108
American Samoa,1989,1.0E-4
Oman,1989,12.1871
Lebanon,1989,5.9745
Djibouti,1989,1.227
French Polynesia,1989,0.8645
Ghana,1989,3.1715
Malaysia,1989,56.6302
Mongolia,1989,13.9666
Grenada,1989,0.035
Belize,1989,0.0969
Peru,1989,21.0049
Bhutan,1989,0.1353
Thailand,1989,77.3303
Georgia,1989,30.6526
Iraq,1989,73.4934
New Zealand,1989,23.1637
Bangladesh,1989,14.0795
Armenia,1989,18.1074
Dominica,1989,0.0218
Morocco,1989,21.8718
Trinidad and Tobago,1989,12.7798
Iceland,1990,2.3396
Malawi,1990,1.5368
Northern Mariana Islands,1990,1.0E-4
Cameroon,1990,4.7565
Solomon Islands,1990,0.1586
New Caledonia,1990,1.5733
Iraq,1990,69.4445
Zambia,1990,3.0287
Burkina Faso,1990,0.3273
Cambodia,1990,0.4298
Austria,1990,61.564
India,1990,600.6812
Madagascar,1990,0.9079
Nauru,1990,0.0
Sri Lanka,1990,4.239
South Africa,1990,314.2149
Burundi,1990,0.2008
Kuwait,1990,32.4079
Kenya,1990,6.4662
Cabo Verde,1990,0.0538
Trinidad and Tobago,1990,12.6689
Uganda,1990,0.8308
Indonesia,1990,161.7687
Spain,1990,229.4678
Luxembourg,1990,11.9786
Eswatini,1990,1.1058
Norway,1990,36.3128
French Polynesia,1990,0.8466
Estonia,1990,40.0401
Argentina,1990,100.1958
Oman,1990,16.41
Ghana,1990,3.1311
New Zealand,1990,24.9835
Namibia,1990,1.2486
Fiji,1990,1.0082
Tunisia,1990,14.7735
Eritrea,1990,0.3292
Pakistan,1990,65.6405
Barbados,1990,0.6158
Gibraltar,1990,0.1438
Bahrain,1990,11.997
Equatorial Guinea,1990,0.0711
Niger,1990,0.6205
Myanmar,1990,4.4326
United States,1990,4983.6035
Palau,1990,2.156
Benin,1990,0.3986
El Salvador,1990,2.5946
Panama,1990,2.7219
Antigua and Barbuda,1990,0.164
Timor-Leste,1990,0.0697
Greece,1990,77.9104
Finland,1990,56.2262
Bermuda,1990,0.2525
Mozambique,1990,1.1619
Ecuador,1990,17.5569
Papua New Guinea,1990,2.1499
Nigeria,1990,75.1111
Afghanistan,1990,2.9084
Vanuatu,1990,0.1019
Dominican Republic,1990,8.0187
Belgium,1990,115.8157
Paraguay,1990,2.184
Greenland,1990,0.0011
Turkmenistan,1990,45.6944
Morocco,1990,22.4611
Belize,1990,0.1265
Dominica,1990,0.0213
Armenia,1990,20.7801
Bangladesh,1990,14.767
Thailand,1990,95.3854
Togo,1990,0.7551
Peru,1990,20.8441
Georgia,1990,34.4907
Bhutan,1990,0.1807
Grenada,1990,0.0509
Mongolia,1990,13.1479
Djibouti,1990,0.9747
American Samoa,1990,1.0E-4
United Kingdom,1990,582.6078
Philippines,1990,42.7042
Tajikistan,1990,12.3225
Uzbekistan,1990,127.8534
Denmark,1990,52.4314
Bosnia and Herzegovina,1990,24.5739
Guam,1990,2.0E-4
Japan,1990,1162.2863
Mexico,1990,289.6625
Poland,1990,371.5249
Netherlands,1990,164.8181
Lesotho,1990,0.1088
Czechia,1990,165.4996
Portugal,1990,43.8614
Cyprus,1990,4.6392
Qatar,1990,16.9819
Guatemala,1990,3.9193
Nepal,1990,1.0884
Italy,1990,426.0575
Mauritius,1990,1.1871
Syrian Arab Republic,1990,33.0044
Cuba,1990,38.665
Aruba,1990,0.201
Romania,1990,187.7299
Croatia,1990,24.0236
Turks and Caicos Islands,1990,0.0051
Guinea,1990,0.947
Kiribati,1990,0.0167
Tuvalu,1990,0.0
Faroe Islands,1990,0.0016
Mauritania,1990,0.7071
Jamaica,1990,7.7041
Russian Federation,1990,2436.2695
Botswana,1990,2.823
Jordan,1990,10.0718
Costa Rica,1990,2.9164
United Arab Emirates,1990,56.8876
Rwanda,1990,0.553
Uruguay,1990,3.9389
Tonga,1990,0.0891
Guinea-Bissau,1990,0.169
Liberia,1990,0.3752
Marshall Islands,1990,1.0E-4
North Macedonia,1990,11.1902
Comoros,1990,0.0393
Samoa,1990,0.1228
Viet Nam,1990,20.5778
Israel,1990,35.223
Nicaragua,1990,1.9647
Switzerland,1990,44.7573
Colombia,1990,53.2018
Guyana,1990,1.1737
Malta,1990,2.3219
Sao Tome and Principe,1990,0.0386
Brazil,1990,226.8889
Angola,1990,11.2308
Algeria,1990,72.1599
China,1990,2414.2761
Saudi Arabia,1990,173.9024
Sweden,1990,57.1424
Belarus,1990,105.5332
Haiti,1990,1.1416
Lebanon,1990,5.9745
Mali,1990,0.3193
Chile,1990,33.2212
Australia,1990,277.715
Senegal,1990,2.3652
France,1990,384.9829
Libya,1990,32.6224
Chad,1990,0.2354
Ireland,1990,32.3392
Honduras,1990,2.3604
Azerbaijan,1990,56.1244
Albania,1990,6.6451
Maldives,1990,0.0946
Seychelles,1990,0.2659
Brunei Darussalam,1990,4.3001
Zimbabwe,1990,17.4139
Ethiopia,1990,2.1875
Central African Republic,1990,0.1593
Ukraine,1990,785.5399
Sierra Leone,1990,0.633
Suriname,1990,1.0976
Hungary,1990,72.3253
Bulgaria,1990,80.0543
Germany,1990,1012.7016
Malaysia,1990,64.4242
Cayman Islands,1990,0.1157
Kazakhstan,1990,248.6294
Singapore,1990,31.6482
Sudan,1990,5.5465
Canada,1990,440.5009
Slovenia,1990,14.6861
Gabon,1990,6.1713
Latvia,1990,19.6191
Lithuania,1990,35.1223
Cayman Islands,1991,0.1144
Romania,1991,152.0087
Germany,1991,991.7193
Sweden,1991,57.6364
Spain,1991,237.4535
Kuwait,1991,38.4977
United Kingdom,1991,591.7363
Saudi Arabia,1991,177.6255
Algeria,1991,75.1941
American Samoa,1991,1.0E-4
Sri Lanka,1991,4.4253
China,1991,2550.1985
Maldives,1991,0.0981
Croatia,1991,17.7393
Argentina,1991,105.6018
Burkina Faso,1991,0.4625
Sudan,1991,4.9434
Brazil,1991,235.2647
Malaysia,1991,75.3061
Indonesia,1991,174.6593
Nauru,1991,0.0
Guinea,1991,0.923
Japan,1991,1172.0367
Angola,1991,11.7805
Estonia,1991,36.5261
Kiribati,1991,0.0175
Malawi,1991,1.7679
Faroe Islands,1991,0.0016
Ecuador,1991,17.594
Sao Tome and Principe,1991,0.0514
Sierra Leone,1991,0.8412
Malta,1991,2.2182
Philippines,1991,42.8933
Mauritania,1991,0.8966
Zambia,1991,3.1362
Uganda,1991,0.8449
Lebanon,1991,7.4107
Tuvalu,1991,0.0
Chad,1991,0.2871
Madagascar,1991,0.9706
Mozambique,1991,0.9743
Guyana,1991,1.1459
Tajikistan,1991,11.6314
Russian Federation,1991,2393.5405
Bermuda,1991,0.2279
Slovenia,1991,13.7427
South Africa,1991,306.1151
Finland,1991,56.911
Botswana,1991,2.7922
Tunisia,1991,15.2492
Suriname,1991,1.2519
Colombia,1991,55.0259
Bhutan,1991,0.1879
Bulgaria,1991,64.921
Greece,1991,77.9367
Costa Rica,1991,3.1538
Zimbabwe,1991,19.1584
Switzerland,1991,47.0712
Cabo Verde,1991,0.0677
Jordan,1991,10.087
Greenland,1991,0.0012
Uruguay,1991,4.4604
Albania,1991,4.3796
Denmark,1991,63.0883
United Arab Emirates,1991,64.7222
Burundi,1991,0.2847
Israel,1991,35.872
Namibia,1991,1.1364
North Macedonia,1991,9.8986
Rwanda,1991,0.4977
France,1991,410.0389
Viet Nam,1991,20.7206
Samoa,1991,0.1273
Northern Mariana Islands,1991,1.0E-4
Comoros,1991,0.0477
Iraq,1991,54.4509
Guinea-Bissau,1991,0.2127
Iceland,1991,2.2915
Tonga,1991,0.0944
Hungary,1991,68.4316
Marshall Islands,1991,1.0E-4
Kenya,1991,6.2172
French Polynesia,1991,0.878
Liberia,1991,0.2582
Seychelles,1991,0.3796
Guam,1991,2.0E-4
Dominica,1991,0.0214
Bangladesh,1991,14.0692
Bahrain,1991,11.5693
Uzbekistan,1991,128.1201
Bosnia and Herzegovina,1991,21.992
Grenada,1991,0.0511
Armenia,1991,21.5981
Timor-Leste,1991,0.0723
Belize,1991,0.1448
Panama,1991,3.14
Pakistan,1991,68.126
Georgia,1991,26.6125
Mexico,1991,307.4851
Antigua and Barbuda,1991,0.1647
Morocco,1991,23.5445
Paraguay,1991,2.1343
El Salvador,1991,3.3093
Afghanistan,1991,2.8332
Norway,1991,33.8195
Ethiopia,1991,2.1659
Poland,1991,369.2328
Kazakhstan,1991,259.9331
Benin,1991,0.3505
Solomon Islands,1991,0.1645
Eswatini,1991,1.0905
Libya,1991,32.8623
Lesotho,1991,0.1362
Thailand,1991,104.0054
Palau,1991,2.1399
United States,1991,4939.031
New Zealand,1991,25.6577
Czechia,1991,150.1571
Latvia,1991,17.9913
Dominican Republic,1991,8.3924
Barbados,1991,0.5866
Brunei Darussalam,1991,4.9097
Portugal,1991,45.3046
Honduras,1991,2.3774
Myanmar,1991,4.2913
Mongolia,1991,14.8583
Senegal,1991,2.3784
Gabon,1991,4.9342
Nigeria,1991,81.3463
Italy,1991,424.8945
Nepal,1991,1.3407
Gibraltar,1991,0.203
Ghana,1991,2.903
Cyprus,1991,5.1626
Jamaica,1991,7.6039
Niger,1991,0.5919
Singapore,1991,33.4762
Vanuatu,1991,0.095
Equatorial Guinea,1991,0.0741
Cambodia,1991,0.4739
Austria,1991,65.5025
Guatemala,1991,4.1439
Ireland,1991,32.8743
Australia,1991,279.7368
Chile,1991,31.7926
Papua New Guinea,1991,2.2029
Trinidad and Tobago,1991,12.9325
Qatar,1991,18.027
Belarus,1991,101.5855
Turkmenistan,1991,38.7329
Luxembourg,1991,12.4591
Lithuania,1991,36.9766
Djibouti,1991,1.2297
Mauritius,1991,1.2714
Central African Republic,1991,0.2107
Fiji,1991,0.886
Oman,1991,19.9145
Belgium,1991,119.7343
Mali,1991,0.3992
Togo,1991,0.6986
India,1991,646.3805
Peru,1991,20.2383
Syrian Arab Republic,1991,36.1127
Canada,1991,434.5525
Nicaragua,1991,1.9754
Azerbaijan,1991,54.8342
Eritrea,1991,0.3782
Cuba,1991,30.1272
Cameroon,1991,4.5319
Haiti,1991,1.1141
Turks and Caicos Islands,1991,0.0051
Netherlands,1991,170.9412
Ukraine,1991,741.0688
Aruba,1991,0.2264
New Caledonia,1991,1.7126
Honduras,1992,2.6744
Namibia,1992,1.2393
Finland,1992,54.0942
Sudan,1992,4.6814
American Samoa,1992,1.0E-4
Armenia,1992,10.9766
Oman,1992,20.5442
New Zealand,1992,27.2952
Fiji,1992,0.9929
Zimbabwe,1992,19.205
Peru,1992,21.1123
Kuwait,1992,26.9632
Ghana,1992,3.4273
Ethiopia,1992,1.6961
Grenada,1992,0.0529
Bhutan,1992,0.1859
Kazakhstan,1992,265.3152
Georgia,1992,20.9244
Mongolia,1992,12.9573
Djibouti,1992,1.0504
Maldives,1992,0.1076
Japan,1992,1177.3721
Zambia,1992,3.1378
United Kingdom,1992,578.4391
Tajikistan,1992,8.5568
Philippines,1992,46.6136
Estonia,1992,26.6047
Ukraine,1992,650.4113
Denmark,1992,57.3933
Solomon Islands,1992,0.1806
French Polynesia,1992,0.9069
Bosnia and Herzegovina,1992,16.2286
Seychelles,1992,0.3192
Belgium,1992,117.6155
Mexico,1992,311.2014
Gabon,1992,4.9722
Nicaragua,1992,2.2934
Norway,1992,36.3611
Poland,1992,360.3244
Lesotho,1992,0.1157
Czechia,1992,144.3788
Eswatini,1992,0.9132
Portugal,1992,48.9986
Nepal,1992,1.411
Italy,1992,423.0511
Cyprus,1992,5.4901
Brunei Darussalam,1992,5.3615
Canada,1992,447.3182
Guatemala,1992,4.8583
Central African Republic,1992,0.1698
Afghanistan,1992,1.8107
Mauritius,1992,1.3431
Luxembourg,1992,12.1728
Turks and Caicos Islands,1992,0.0051
Qatar,1992,18.9739
Syrian Arab Republic,1992,35.8801
Cuba,1992,23.9171
New Caledonia,1992,1.7311
Romania,1992,138.3634
Spain,1992,245.4839
Jamaica,1992,8.3025
Kiribati,1992,0.019
Croatia,1992,16.3882
Cameroon,1992,4.3565
Indonesia,1992,182.5524
Aruba,1992,0.2508
Guinea,1992,0.8258
Faroe Islands,1992,0.0016
Trinidad and Tobago,1992,13.2797
Mauritania,1992,2.2897
Sierra Leone,1992,0.5195
Tuvalu,1992,0.0
Uganda,1992,0.86
Malawi,1992,1.9313
Russian Federation,1992,2205.465
Suriname,1992,1.2248
Botswana,1992,3.3976
Uruguay,1992,4.9018
Costa Rica,1992,4.2433
Cabo Verde,1992,0.0671
United Arab Emirates,1992,62.5224
Northern Mariana Islands,1992,1.0E-4
Rwanda,1992,0.4991
Guinea-Bissau,1992,0.1901
Iceland,1992,2.306
Liberia,1992,0.2315
Kenya,1992,6.2967
Israel,1992,38.4077
Hungary,1992,61.7189
Comoros,1992,0.0405
Burundi,1992,0.2237
Iraq,1992,75.7742
Samoa,1992,0.1243
Jordan,1992,11.9667
Albania,1992,2.3632
Viet Nam,1992,21.7025
Guam,1992,2.0E-4
Switzerland,1992,47.0328
Antigua and Barbuda,1992,0.1658
Colombia,1992,58.3317
Bulgaria,1992,62.0241
South Africa,1992,299.6397
Tonga,1992,0.0992
Guyana,1992,1.0825
Lebanon,1992,7.9604
Angola,1992,12.119
Malta,1992,2.176
Madagascar,1992,0.9831
Malaysia,1992,79.2867
Sao Tome and Principe,1992,0.0435
Brazil,1992,238.6958
Slovenia,1992,13.2718
China,1992,2669.788
Togo,1992,0.5331
Algeria,1992,84.7835
Sri Lanka,1992,5.5124
Saudi Arabia,1992,190.9731
North Macedonia,1992,8.805
Sweden,1992,60.1881
Cayman Islands,1992,0.117
Nauru,1992,0.0
Haiti,1992,1.0366
India,1992,669.6564
Azerbaijan,1992,44.9015
Mali,1992,0.3638
Burkina Faso,1992,0.395
Chile,1992,32.8748
France,1992,396.6334
Austria,1992,60.5108
Lithuania,1992,20.8884
Australia,1992,283.1177
Gibraltar,1992,0.241
Equatorial Guinea,1992,0.0741
Cambodia,1992,0.5193
Senegal,1992,2.6138
Myanmar,1992,4.5496
United States,1992,5016.988
Singapore,1992,34.1903
Barbados,1992,0.5704
Latvia,1992,14.3054
Palau,1992,1.9558
Uzbekistan,1992,119.4667
Benin,1992,0.3808
El Salvador,1992,3.7249
Pakistan,1992,74.911
Libya,1992,34.2655
Panama,1992,3.7463
Timor-Leste,1992,0.0793
Greece,1992,80.0652
Tunisia,1992,16.211
Chad,1992,0.2468
Mozambique,1992,1.1614
Ecuador,1992,18.5335
Bermuda,1992,0.1801
Eritrea,1992,0.4911
Papua New Guinea,1992,2.4904
Ireland,1992,32.7669
Belize,1992,0.1212
Vanuatu,1992,0.0532
Thailand,1992,114.0252
Dominican Republic,1992,9.7438
Argentina,1992,107.5265
Niger,1992,0.5613
Bahrain,1992,13.6153
Paraguay,1992,2.5581
Belarus,1992,91.8419
Greenland,1992,0.0012
Nigeria,1992,89.106
Turkmenistan,1992,28.6114
Netherlands,1992,169.0362
Morocco,1992,25.2238
Germany,1992,937.793
Bangladesh,1992,15.7331
Dominica,1992,0.0216
Marshall Islands,1992,1.0E-4
Argentina,1993,111.2874
Saudi Arabia,1993,201.0902
Greenland,1993,0.0012
Tajikistan,1993,5.7987
Romania,1993,131.1044
Uruguay,1993,4.6343
Nauru,1993,0.0
North Macedonia,1993,9.0417
Kuwait,1993,34.2774
India,1993,699.7472
Slovenia,1993,13.9755
Luxembourg,1993,12.3953
Djibouti,1993,1.0325
Haiti,1993,0.8775
Niger,1993,0.682
Lithuania,1993,16.2182
Azerbaijan,1993,39.385
Peru,1993,22.2129
Papua New Guinea,1993,2.5382
Cuba,1993,21.8742
Syrian Arab Republic,1993,36.8716
Mali,1993,0.3545
Ireland,1993,33.0013
Qatar,1993,19.4709
Mauritius,1993,1.4807
Bermuda,1993,0.2011
Belgium,1993,115.6992
Chile,1993,34.9064
Japan,1993,1169.8276
Central African Republic,1993,0.1847
Thailand,1993,129.4434
Austria,1993,60.5672
Nigeria,1993,86.6517
Eritrea,1993,0.6836
Guatemala,1993,5.388
Georgia,1993,16.7497
Australia,1993,287.0291
Brunei Darussalam,1993,5.411
New Caledonia,1993,1.7801
Turks and Caicos Islands,1993,0.005
New Zealand,1993,27.316
Cyprus,1993,5.747
Kazakhstan,1993,226.1297
Gibraltar,1993,0.2441
Italy,1993,416.2963
Bangladesh,1993,16.9529
Vanuatu,1993,0.0538
Lesotho,1993,0.1117
Equatorial Guinea,1993,0.0772
Jamaica,1993,8.4375
Turkmenistan,1993,27.1482
Myanmar,1993,5.0874
Maldives,1993,0.1269
Portugal,1993,47.9648
Senegal,1993,2.5522
Uzbekistan,1993,119.2808
Eswatini,1993,0.8204
United States,1993,5135.577
Canada,1993,446.666
Dominican Republic,1993,9.6205
Czechia,1993,139.8456
Dominica,1993,0.0388
Mongolia,1993,11.9373
Sudan,1993,3.3442
Barbados,1993,0.5429
Singapore,1993,39.4656
Nepal,1993,1.5581
Morocco,1993,25.979
Palau,1993,2.0017
Honduras,1993,2.8039
Germany,1993,929.3273
Poland,1993,360.7663
Latvia,1993,12.0511
Armenia,1993,5.1153
Benin,1993,0.3854
Gabon,1993,5.083
El Salvador,1993,4.0457
Oman,1993,20.701
Norway,1993,38.5031
Cambodia,1993,0.5255
Pakistan,1993,83.2937
Seychelles,1993,0.3204
Ukraine,1993,567.8758
Mexico,1993,320.3524
Bhutan,1993,0.1988
Nicaragua,1993,2.2505
Namibia,1993,1.4319
Marshall Islands,1993,1.0E-4
Afghanistan,1993,1.7729
Trinidad and Tobago,1993,12.9495
Kenya,1993,6.1914
Guinea-Bissau,1993,0.2042
Liberia,1993,0.2479
Israel,1993,42.117
Panama,1993,3.8287
Zambia,1993,2.8453
Comoros,1993,0.0395
Timor-Leste,1993,0.1037
Burundi,1993,0.2488
Hungary,1993,62.7128
Togo,1993,0.411
Paraguay,1993,2.9158
Bosnia and Herzegovina,1993,13.6204
France,1993,376.973
Libya,1993,36.4922
French Polynesia,1993,0.9168
Guam,1993,2.0E-4
Rwanda,1993,0.5007
Fiji,1993,1.0732
Viet Nam,1993,25.415
Malawi,1993,1.9582
Cabo Verde,1993,0.0654
Denmark,1993,59.7149
Iceland,1993,2.4069
Jordan,1993,12.4336
Samoa,1993,0.1413
United Arab Emirates,1993,65.9141
Switzerland,1993,44.7243
Grenada,1993,0.0595
Spain,1993,231.1055
Costa Rica,1993,4.2651
Greece,1993,79.5932
Colombia,1993,61.6574
Tunisia,1993,16.8132
Botswana,1993,3.3509
Bahrain,1993,14.7278
South Africa,1993,301.7907
Estonia,1993,21.8922
Chad,1993,0.1278
Northern Mariana Islands,1993,1.0E-4
Russian Federation,1993,2012.9625
Uganda,1993,0.8666
American Samoa,1993,1.0E-4
Guyana,1993,1.0888
Angola,1993,12.1418
Lebanon,1993,11.4037
Belarus,1993,79.2927
Tonga,1993,0.1003
Tuvalu,1993,0.0
Sierra Leone,1993,0.5065
Netherlands,1993,172.2988
Malta,1993,2.8133
Mozambique,1993,1.3511
Mauritania,1993,2.267
Malaysia,1993,79.5011
Ghana,1993,3.5358
Madagascar,1993,1.0192
Finland,1993,55.3688
Zimbabwe,1993,17.6741
Philippines,1993,50.3182
Sao Tome and Principe,1993,0.0424
Guinea,1993,0.8505
Cameroon,1993,4.7598
Suriname,1993,1.2303
Aruba,1993,0.2516
Antigua and Barbuda,1993,0.1617
Belize,1993,0.1183
China,1993,2890.1814
Ecuador,1993,18.0812
Croatia,1993,16.6468
Faroe Islands,1993,0.0016
Brazil,1993,249.3297
Ethiopia,1993,2.159
Algeria,1993,82.975
Solomon Islands,1993,0.1826
Kiribati,1993,0.0192
Iraq,1993,100.1711
United Kingdom,1993,562.3975
Albania,1993,2.2228
Sweden,1993,60.2661
Bulgaria,1993,62.8343
Sri Lanka,1993,5.3962
Burkina Faso,1993,0.414
Cayman Islands,1993,0.1085
Indonesia,1993,199.8507
Gabon,1994,5.0462
Netherlands,1994,173.364
Niger,1994,0.5713
Fiji,1994,1.1225
Uzbekistan,1994,113.6737
Antigua and Barbuda,1994,0.1761
Uruguay,1994,4.3543
Nigeria,1994,80.8977
Georgia,1994,10.9231
Nepal,1994,1.8967
Faroe Islands,1994,0.0016
Angola,1994,11.4905
North Macedonia,1994,8.7714
Ethiopia,1994,2.4964
Germany,1994,915.2494
Nauru,1994,0.0
Togo,1994,0.7477
Northern Mariana Islands,1994,1.0E-4
Eswatini,1994,1.4598
Norway,1994,40.4825
Estonia,1994,22.5587
Ghana,1994,3.7637
Namibia,1994,1.6524
Oman,1994,19.5198
Eritrea,1994,0.7708
Argentina,1994,114.6933
United States,1994,5217.8955
Pakistan,1994,85.5854
Equatorial Guinea,1994,1.2117
Gibraltar,1994,0.2882
Myanmar,1994,6.1001
Palau,1994,2.9958
El Salvador,1994,4.6932
Latvia,1994,10.4872
Panama,1994,4.0734
Belize,1994,0.1149
Greece,1994,81.2126
Ecuador,1994,18.9542
Mozambique,1994,1.1452
Zambia,1994,2.3871
Papua New Guinea,1994,2.5287
Dominican Republic,1994,11.2454
Greenland,1994,0.0012
Paraguay,1994,3.4014
Morocco,1994,28.1277
Dominica,1994,0.0512
Japan,1994,1223.3464
Vanuatu,1994,0.0553
American Samoa,1994,1.0E-4
Armenia,1994,2.8083
Peru,1994,22.7871
Grenada,1994,0.0695
Mongolia,1994,10.4063
Djibouti,1994,1.0572
United Kingdom,1994,554.8788
Philippines,1994,54.2294
Denmark,1994,63.6949
Guam,1994,2.0E-4
Mexico,1994,346.1731
Turks and Caicos Islands,1994,0.0051
Poland,1994,354.6629
Czechia,1994,134.3629
Portugal,1994,49.4024
Cyprus,1994,5.9913
Guatemala,1994,5.8233
Mauritius,1994,1.525
Qatar,1994,20.5063
Cuba,1994,22.5031
Romania,1994,128.155
Croatia,1994,15.9744
Guinea,1994,0.8643
Aruba,1994,0.2858
Mauritania,1994,2.3567
Russian Federation,1994,1814.9119
Costa Rica,1994,5.0045
United Arab Emirates,1994,72.5685
Rwanda,1994,0.4794
Guinea-Bissau,1994,0.2035
Marshall Islands,1994,1.0E-4
Comoros,1994,0.0394
Viet Nam,1994,29.8814
Samoa,1994,0.1452
Colombia,1994,61.3112
Guyana,1994,1.4149
Malta,1994,2.5155
Sao Tome and Principe,1994,0.0517
China,1994,3046.9202
Jordan,1994,12.988
Algeria,1994,81.1548
Saudi Arabia,1994,218.7632
Chile,1994,38.1389
Haiti,1994,0.4142
Mali,1994,0.3542
Australia,1994,292.3876
Senegal,1994,2.6067
Chad,1994,0.1432
Ukraine,1994,470.1563
Honduras,1994,3.2016
Maldives,1994,0.2725
Seychelles,1994,0.3193
Central African Republic,1994,0.1938
Sierra Leone,1994,0.5234
Cayman Islands,1994,0.1275
Belarus,1994,67.5941
Hungary,1994,62.4597
Malaysia,1994,87.5666
Singapore,1994,41.6441
Kuwait,1994,40.734
Canada,1994,463.8858
Slovenia,1994,14.0768
Iceland,1994,2.5207
Malawi,1994,2.0402
Tonga,1994,0.1397
Cameroon,1994,5.1473
Solomon Islands,1994,0.1877
Zimbabwe,1994,16.5503
Cambodia,1994,0.5402
India,1994,743.8494
Madagascar,1994,1.2553
Trinidad and Tobago,1994,14.3151
Austria,1994,61.0918
South Africa,1994,308.5614
Kenya,1994,6.2863
Cabo Verde,1994,0.0767
Uganda,1994,0.7817
Indonesia,1994,212.7475
Albania,1994,2.3443
Luxembourg,1994,11.4722
Spain,1994,242.1689
Burundi,1994,0.2577
Sri Lanka,1994,6.2233
Burkina Faso,1994,0.4512
Iraq,1994,109.9546
Lithuania,1994,15.7344
Sudan,1994,4.915
Bulgaria,1994,60.0219
Suriname,1994,1.2371
Brunei Darussalam,1994,5.494
Ireland,1994,34.2195
Libya,1994,42.4785
Sweden,1994,62.9432
Afghanistan,1994,1.6737
Brazil,1994,258.7499
Azerbaijan,1994,34.5121
Tuvalu,1994,0.0
Switzerland,1994,43.7923
Israel,1994,45.0808
Liberia,1994,0.2473
Botswana,1994,3.2127
Belgium,1994,122.0309
Kiribati,1994,0.0198
Lebanon,1994,12.5275
Syrian Arab Republic,1994,38.8836
Bosnia and Herzegovina,1994,3.3002
Italy,1994,410.7504
Lesotho,1994,0.1218
Tajikistan,1994,3.5887
Kazakhstan,1994,203.8883
Bhutan,1994,0.2576
Bangladesh,1994,18.0011
Turkmenistan,1994,34.2411
Thailand,1994,144.4147
Bermuda,1994,0.1992
Jamaica,1994,8.5234
Timor-Leste,1994,0.1065
Benin,1994,0.3921
Barbados,1994,0.5292
Tunisia,1994,16.923
Bahrain,1994,14.9996
French Polynesia,1994,0.7457
New Caledonia,1994,1.8628
New Zealand,1994,27.8936
France,1994,372.6743
Nicaragua,1994,2.5596
Finland,1994,62.0931
New Zealand,1995,28.8135
Iceland,1995,2.4404
Cameroon,1995,5.1557
Slovenia,1995,14.968
Canada,1995,475.9427
Singapore,1995,41.3412
Sudan,1995,4.5979
Bulgaria,1995,61.3676
Belarus,1995,60.4273
Malaysia,1995,90.9385
Hungary,1995,62.3673
Cayman Islands,1995,0.1336
Sierra Leone,1995,0.5675
Kuwait,1995,40.3131
France,1995,381.7508
Suriname,1995,1.2612
Afghanistan,1995,1.4526
Brunei Darussalam,1995,5.8139
Central African Republic,1995,0.1992
Seychelles,1995,0.34
Maldives,1995,0.335
Tonga,1995,0.1152
Honduras,1995,3.782
Ukraine,1995,464.1919
Australia,1995,302.6941
Ireland,1995,34.7885
Libya,1995,48.1431
Germany,1995,910.4733
Chad,1995,0.1477
Senegal,1995,2.7547
Mali,1995,0.3639
Haiti,1995,1.1266
Chile,1995,41.7893
Saudi Arabia,1995,217.1595
Jordan,1995,13.8019
Ethiopia,1995,2.8264
Sweden,1995,62.6424
Brazil,1995,280.029
Algeria,1995,83.819
China,1995,3365.775
Sao Tome and Principe,1995,0.0532
Malta,1995,2.3859
North Macedonia,1995,8.717
Azerbaijan,1995,33.88
Tuvalu,1995,0.0
Angola,1995,12.9537
Guyana,1995,1.5324
Colombia,1995,63.9859
Samoa,1995,0.1318
Faroe Islands,1995,0.0016
Viet Nam,1995,34.3721
Comoros,1995,0.0405
Nepal,1995,2.0616
Israel,1995,48.1938
Switzerland,1995,44.5751
Liberia,1995,0.2543
Marshall Islands,1995,1.0E-4
Rwanda,1995,0.4704
Belgium,1995,122.3064
Guinea-Bissau,1995,0.2092
Botswana,1995,3.3417
Costa Rica,1995,4.9676
Russian Federation,1995,1768.5623
United Arab Emirates,1995,77.4025
Aruba,1995,0.3144
Mauritania,1995,2.4527
Nicaragua,1995,2.7192
Guinea,1995,0.8809
Croatia,1995,16.5015
Kiribati,1995,0.0179
Romania,1995,133.4074
Cuba,1995,23.9447
Qatar,1995,20.9805
Syrian Arab Republic,1995,40.5128
Mauritius,1995,1.5621
Bosnia and Herzegovina,1995,3.5148
Guatemala,1995,6.7944
Cyprus,1995,5.861
Italy,1995,434.9088
Lesotho,1995,0.1251
Finland,1995,58.7506
Portugal,1995,52.8069
Czechia,1995,133.5916
Poland,1995,356.4423
Mexico,1995,326.2583
Guam,1995,2.0E-4
Turks and Caicos Islands,1995,0.005
Denmark,1995,60.5926
Lebanon,1995,14.5233
Philippines,1995,65.3468
United Kingdom,1995,548.3394
Gabon,1995,5.671
Tajikistan,1995,3.0457
Kazakhstan,1995,180.328
Georgia,1995,8.5229
Djibouti,1995,1.0771
Mongolia,1995,10.3439
Bhutan,1995,0.3208
Grenada,1995,0.0625
Peru,1995,25.8883
Zambia,1995,2.3571
Armenia,1995,3.5412
American Samoa,1995,1.0E-4
Vanuatu,1995,0.0502
Dominica,1995,0.0589
Nigeria,1995,88.8531
Bangladesh,1995,21.7789
Paraguay,1995,3.8597
Turkmenistan,1995,34.6597
Uruguay,1995,4.767
Morocco,1995,29.273
Greenland,1995,0.0012
Japan,1995,1233.2242
Dominican Republic,1995,11.9581
Thailand,1995,163.548
Bermuda,1995,0.2003
Papua New Guinea,1995,2.4534
Mozambique,1995,1.2575
Jamaica,1995,8.8104
Antigua and Barbuda,1995,0.1842
Greece,1995,84.2607
Ecuador,1995,20.8047
Panama,1995,4.3833
Timor-Leste,1995,0.0968
Latvia,1995,9.2355
Benin,1995,0.3986
El Salvador,1995,5.1333
Palau,1995,2.3497
Belize,1995,0.1298
Myanmar,1995,7.4001
Gibraltar,1995,0.2819
Equatorial Guinea,1995,1.2873
Pakistan,1995,91.8746
Uzbekistan,1995,104.912
Barbados,1995,0.5412
United States,1995,5271.465
Tunisia,1995,17.2862
Fiji,1995,1.1126
Argentina,1995,116.2841
Eritrea,1995,0.834
Oman,1995,20.1514
Namibia,1995,1.7902
Ghana,1995,4.0443
Togo,1995,0.7374
Estonia,1995,20.6025
Norway,1995,40.6486
French Polynesia,1995,0.7058
Eswatini,1995,1.4178
New Caledonia,1995,1.7041
Niger,1995,0.5519
Luxembourg,1995,9.0785
Indonesia,1995,239.099
Uganda,1995,1.0126
Northern Mariana Islands,1995,1.0E-4
Spain,1995,255.0491
Burundi,1995,0.2539
Nauru,1995,0.0
Cabo Verde,1995,0.0767
Zimbabwe,1995,16.2689
South Africa,1995,325.1785
Austria,1995,64.0569
Madagascar,1995,1.4147
Sri Lanka,1995,6.2434
Burkina Faso,1995,0.4637
Bahrain,1995,15.2432
India,1995,796.4452
Trinidad and Tobago,1995,13.8172
Cambodia,1995,1.5014
Kenya,1995,6.7215
Solomon Islands,1995,0.1703
Malawi,1995,2.0879
Netherlands,1995,177.6173
Iraq,1995,109.1
Albania,1995,2.0702
Lithuania,1995,15.117
Myanmar,1996,7.7815
Gibraltar,1996,0.2882
Belarus,1996,61.3587
Indonesia,1996,252.0076
Cameroon,1996,5.2861
Slovenia,1996,15.7179
Lebanon,1996,15.0813
Denmark,1996,74.0179
Canada,1996,489.8681
Singapore,1996,42.5208
Philippines,1996,68.6946
New Zealand,1996,29.8041
Belize,1996,0.108
Sudan,1996,4.5318
Afghanistan,1996,1.4056
Bulgaria,1996,61.6586
Turks and Caicos Islands,1996,0.005
France,1996,396.4221
Nauru,1996,0.0
Equatorial Guinea,1996,1.4079
Malaysia,1996,103.4299
Hungary,1996,63.5949
Pakistan,1996,96.1688
Kiribati,1996,0.0181
Cayman Islands,1996,0.1326
Sierra Leone,1996,0.6397
United Kingdom,1996,567.624
Kazakhstan,1996,158.0291
Kenya,1996,7.4009
Sri Lanka,1996,8.8106
Suriname,1996,1.2451
Burkina Faso,1996,0.5131
Brunei Darussalam,1996,6.1077
Barbados,1996,0.5287
Netherlands,1996,187.8531
Kuwait,1996,39.6473
Mongolia,1996,8.7428
Central African Republic,1996,0.2164
Seychelles,1996,0.3521
Tajikistan,1996,2.7006
Djibouti,1996,1.1156
Maldives,1996,0.3404
Honduras,1996,4.0085
Bhutan,1996,0.3579
Spain,1996,244.7984
Nigeria,1996,103.6329
Ukraine,1996,397.6329
Australia,1996,312.678
Grenada,1996,0.0667
Germany,1996,939.3546
Tunisia,1996,17.8305
Ireland,1996,36.1072
Albania,1996,2.0552
Libya,1996,50.6214
Peru,1996,28.4486
Zimbabwe,1996,15.7201
Armenia,1996,2.5941
Chad,1996,0.1537
Senegal,1996,2.9716
Burundi,1996,0.2724
Jordan,1996,14.1239
Tonga,1996,0.1309
Jamaica,1996,9.1895
Mali,1996,0.3964
Haiti,1996,1.2806
United States,1996,5426.474
Argentina,1996,126.592
Chile,1996,47.8929
Saudi Arabia,1996,230.5204
American Samoa,1996,1.0E-4
Vanuatu,1996,0.0506
Trinidad and Tobago,1996,14.8723
Solomon Islands,1996,0.1718
Sweden,1996,67.7555
Ethiopia,1996,3.1872
Brazil,1996,300.6344
Dominica,1996,0.0646
North Macedonia,1996,10.274
Paraguay,1996,3.8134
Eritrea,1996,0.9172
China,1996,3340.2566
Sao Tome and Principe,1996,0.0551
Oman,1996,20.9585
Bangladesh,1996,22.0864
Uganda,1996,1.1054
Turkmenistan,1996,31.5173
Azerbaijan,1996,28.402
Tuvalu,1996,0.0
Togo,1996,1.1297
Iraq,1996,100.6647
Malta,1996,2.3312
Guyana,1996,1.5818
Namibia,1996,1.9616
Morocco,1996,28.9241
Colombia,1996,63.1794
Samoa,1996,0.133
Greenland,1996,0.0013
Ghana,1996,4.3906
Belgium,1996,127.3074
Algeria,1996,81.5084
Viet Nam,1996,38.7066
Cabo Verde,1996,0.0916
Japan,1996,1246.029
Comoros,1996,0.0419
Fiji,1996,1.1642
Dominican Republic,1996,12.8696
Israel,1996,51.2646
Uruguay,1996,5.5886
Liberia,1996,0.2759
Lithuania,1996,15.5975
Nepal,1996,2.1884
Rwanda,1996,0.4719
Thailand,1996,183.8926
Marshall Islands,1996,1.0E-4
Papua New Guinea,1996,2.5119
Guinea-Bissau,1996,0.2066
Bermuda,1996,0.2043
Switzerland,1996,45.1252
South Africa,1996,336.3377
Botswana,1996,3.0122
Antigua and Barbuda,1996,0.1827
Gabon,1996,6.333
Estonia,1996,21.6259
Costa Rica,1996,4.7451
Russian Federation,1996,1727.1914
Latvia,1996,9.2507
Norway,1996,40.9434
United Arab Emirates,1996,80.8908
Aruba,1996,0.2068
Mozambique,1996,1.2134
Greece,1996,84.2499
Malawi,1996,2.2305
Mauritania,1996,2.4292
Guinea,1996,0.9112
Niger,1996,0.6385
Austria,1996,67.9763
Croatia,1996,17.2043
Nicaragua,1996,2.8846
French Polynesia,1996,0.6976
Romania,1996,136.5616
Bahrain,1996,15.7943
Ecuador,1996,23.9699
Panama,1996,4.4136
Cuba,1996,25.934
Qatar,1996,22.7838
Cambodia,1996,1.6667
Faroe Islands,1996,0.0017
Angola,1996,15.6788
Syrian Arab Republic,1996,43.5278
New Caledonia,1996,1.9094
Bosnia and Herzegovina,1996,4.3994
Timor-Leste,1996,0.1198
Georgia,1996,6.9003
Mauritius,1996,1.6364
Guatemala,1996,6.6692
Iceland,1996,2.7086
Benin,1996,1.0761
Cyprus,1996,6.2236
Portugal,1996,51.107
Finland,1996,64.9367
Madagascar,1996,1.359
Italy,1996,429.8468
Zambia,1996,1.9844
Lesotho,1996,0.1295
Uzbekistan,1996,108.1291
Eswatini,1996,1.1355
El Salvador,1996,4.5698
Palau,1996,2.2116
Czechia,1996,137.3993
Poland,1996,372.4503
Northern Mariana Islands,1996,1.0E-4
India,1996,833.4883
Mexico,1996,341.9142
Guam,1996,2.0E-4
Luxembourg,1996,9.1479
Kenya,1997,7.1148
Afghanistan,1997,1.3735
Albania,1997,1.5806
Algeria,1997,79.6229
American Samoa,1997,1.0E-4
Angola,1997,16.4022
Antigua and Barbuda,1997,0.1933
Argentina,1997,130.9503
Armenia,1997,3.3384
Aruba,1997,0.343
Australia,1997,322.3762
Austria,1997,67.5301
Azerbaijan,1997,27.4204
Bahrain,1997,16.2596
Bangladesh,1997,23.9579
Barbados,1997,0.6283
Belarus,1997,61.8071
Belgium,1997,124.3425
Belize,1997,0.1858
Benin,1997,1.3648
Bermuda,1997,0.2097
Bhutan,1997,0.3783
Bosnia and Herzegovina,1997,8.7233
Botswana,1997,3.2158
Brazil,1997,319.2483
Brunei Darussalam,1997,6.5013
Bulgaria,1997,59.3273
Burkina Faso,1997,0.8142
Burundi,1997,0.2705
Cabo Verde,1997,0.091
Cambodia,1997,1.7796
Cameroon,1997,5.3218
Canada,1997,505.6429
Cayman Islands,1997,0.1361
Central African Republic,1997,0.215
Chad,1997,0.1587
Chile,1997,54.358
China,1997,3437.3193
Colombia,1997,68.3639
Comoros,1997,0.0417
Costa Rica,1997,4.6808
Croatia,1997,18.3106
Cuba,1997,28.3832
Cyprus,1997,6.3122
Czechia,1997,134.0144
Denmark,1997,64.2514
Djibouti,1997,1.1176
Dominica,1997,0.0622
Dominican Republic,1997,14.6454
Ecuador,1997,24.9859
El Salvador,1997,5.6022
Equatorial Guinea,1997,1.9362
Eritrea,1997,0.8588
Estonia,1997,21.1799
Eswatini,1997,1.1566
Ethiopia,1997,3.3333
Faroe Islands,1997,0.0017
Fiji,1997,1.2026
Finland,1997,62.7435
France,1997,388.1392
French Polynesia,1997,0.7338
Gabon,1997,6.0492
Georgia,1997,6.0515
Germany,1997,907.4824
Ghana,1997,4.6174
Gibraltar,1997,0.2975
Greece,1997,85.2014
Greenland,1997,0.0013
Grenada,1997,0.0909
Guam,1997,2.0E-4
Guatemala,1997,6.9722
Guinea,1997,0.9158
Guinea-Bissau,1997,0.2152
Guyana,1997,1.724
Haiti,1997,1.4957
Honduras,1997,4.1178
Hungary,1997,62.3043
Iceland,1997,2.6247
India,1997,877.681
Indonesia,1997,275.5207
Iraq,1997,121.1211
Ireland,1997,37.3632
Israel,1997,52.9341
Italy,1997,433.2998
Jamaica,1997,9.4034
Japan,1997,1231.6968
Jordan,1997,14.6193
Kazakhstan,1997,137.3099
Kiribati,1997,0.0186
Kuwait,1997,41.7493
Latvia,1997,8.8147
Lebanon,1997,16.5618
Lesotho,1997,0.1287
Liberia,1997,0.271
Libya,1997,46.875
Lithuania,1997,15.0668
Luxembourg,1997,8.5485
Madagascar,1997,1.4911
Malawi,1997,2.5128
Malaysia,1997,113.2477
Maldives,1997,0.3032
Mali,1997,0.3939
Malta,1997,2.4771
Marshall Islands,1997,1.0E-4
Mauritania,1997,2.3872
Mauritius,1997,1.6434
Mexico,1997,360.7276
Mongolia,1997,8.5693
Morocco,1997,30.4657
Mozambique,1997,1.3414
Myanmar,1997,7.7466
Namibia,1997,2.029
Nauru,1997,0.0
Nepal,1997,2.4175
Netherlands,1997,180.1104
New Caledonia,1997,1.767
New Zealand,1997,31.339
Nicaragua,1997,3.0885
Niger,1997,0.642
Nigeria,1997,100.8221
North Macedonia,1997,9.2518
Northern Mariana Islands,1997,1.0E-4
Norway,1997,43.3041
Oman,1997,21.9896
Pakistan,1997,99.1058
Palau,1997,2.5182
Panama,1997,4.6401
Papua New Guinea,1997,2.6349
Paraguay,1997,4.2206
Peru,1997,28.371
Philippines,1997,76.8658
Poland,1997,362.6683
Portugal,1997,53.5946
Qatar,1997,27.8977
Romania,1997,124.3214
Russian Federation,1997,1607.3811
Rwanda,1997,0.4819
Samoa,1997,0.137
Sao Tome and Principe,1997,0.0547
Saudi Arabia,1997,233.2168
Senegal,1997,3.269
Seychelles,1997,0.3711
Sierra Leone,1997,0.6193
Singapore,1997,42.1917
Slovenia,1997,16.2137
Solomon Islands,1997,0.1771
South Africa,1997,351.1989
Spain,1997,263.9908
Sri Lanka,1997,8.7878
Sudan,1997,5.4796
Suriname,1997,1.2818
Sweden,1997,61.7963
Switzerland,1997,43.8343
Syrian Arab Republic,1997,43.335
Tajikistan,1997,2.9766
Thailand,1997,187.4146
Timor-Leste,1997,0.1233
Togo,1997,0.8495
Tonga,1997,0.1414
Trinidad and Tobago,1997,14.8499
Tunisia,1997,18.3731
Turkmenistan,1997,31.5044
Turks and Caicos Islands,1997,0.0051
Tuvalu,1997,0.0
Uganda,1997,1.1617
Ukraine,1997,382.2377
United Arab Emirates,1997,84.3016
United Kingdom,1997,546.7394
United States,1997,5699.5176
Uruguay,1997,5.6715
Uzbekistan,1997,108.0143
Vanuatu,1997,0.0521
Viet Nam,1997,44.644
Zambia,1997,2.5004
Zimbabwe,1997,14.7595
Lithuania,1998,15.9248
Iraq,1998,94.2677
Tonga,1998,0.1479
Afghanistan,1998,1.4093
Vanuatu,1998,0.0537
Nicaragua,1998,3.5917
Bermuda,1998,0.2147
Slovenia,1998,16.0322
Central African Republic,1998,0.22
Viet Nam,1998,49.8923
South Africa,1998,357.2564
Italy,1998,442.4746
Kazakhstan,1998,141.5854
Lesotho,1998,0.1265
Bangladesh,1998,24.4802
Algeria,1998,81.4406
Cameroon,1998,5.5393
El Salvador,1998,5.8679
Djibouti,1998,1.1439
Jamaica,1998,9.9026
North Macedonia,1998,10.1677
Seychelles,1998,0.3797
Ethiopia,1998,3.5419
French Polynesia,1998,0.7551
Morocco,1998,31.2086
Botswana,1998,3.8274
Paraguay,1998,4.4217
Switzerland,1998,45.2969
Uganda,1998,1.3574
Costa Rica,1998,5.1796
Dominica,1998,0.0361
Greece,1998,88.6552
New Caledonia,1998,1.7495
Fiji,1998,1.1921
Belgium,1998,127.3085
Timor-Leste,1998,0.1895
Thailand,1998,167.0286
Niger,1998,0.6941
Mozambique,1998,1.2964
American Samoa,1998,1.0E-4
Russian Federation,1998,1613.221
Cabo Verde,1998,0.0932
Cambodia,1998,1.9942
Mongolia,1998,8.5963
Syrian Arab Republic,1998,46.0151
Jordan,1998,14.8364
Sierra Leone,1998,0.6542
Bosnia and Herzegovina,1998,11.0509
Mauritania,1998,2.44
Rwanda,1998,0.4972
Spain,1998,272.6113
Namibia,1998,2.0938
Sudan,1998,4.9223
Peru,1998,27.2745
Equatorial Guinea,1998,2.3542
Libya,1998,46.4165
Madagascar,1998,1.6645
Ireland,1998,39.784
India,1998,900.5955
Tunisia,1998,19.1808
Burundi,1998,0.2867
Pakistan,1998,100.0578
Poland,1998,334.0673
Grenada,1998,0.0793
Solomon Islands,1998,0.1822
Bulgaria,1998,56.8548
Israel,1998,53.5039
Zambia,1998,2.3443
Liberia,1998,0.2891
Malawi,1998,2.6671
Comoros,1998,0.0529
Togo,1998,1.0465
Marshall Islands,1998,1.0E-4
Mali,1998,0.4092
United Kingdom,1998,547.4062
Uruguay,1998,5.9043
Barbados,1998,0.6907
Guinea-Bissau,1998,0.2202
Antigua and Barbuda,1998,0.1979
Argentina,1998,138.0301
Greenland,1998,0.0013
Burkina Faso,1998,0.772
Faroe Islands,1998,0.0017
Dominican Republic,1998,16.7942
Nigeria,1998,91.3518
Bhutan,1998,0.3959
Cyprus,1998,6.6171
Northern Mariana Islands,1998,1.0E-4
Zimbabwe,1998,14.9728
Iceland,1998,2.7082
Eritrea,1998,0.6394
Chad,1998,0.1618
Senegal,1998,3.6668
Turks and Caicos Islands,1998,0.0057
Sao Tome and Principe,1998,0.056
Eswatini,1998,1.1787
Bahrain,1998,17.2345
Sri Lanka,1998,9.0747
United States,1998,5744.8765
Portugal,1998,58.0195
Suriname,1998,1.3026
Honduras,1998,4.7681
Angola,1998,17.0365
Maldives,1998,0.3433
Uzbekistan,1998,123.4347
China,1998,3522.0334
Turkmenistan,1998,32.608
Brazil,1998,328.5588
Estonia,1998,19.0071
Gabon,1998,6.9234
Tajikistan,1998,3.2154
Saudi Arabia,1998,249.5028
Sweden,1998,63.0045
Luxembourg,1998,7.8063
Albania,1998,1.9149
Benin,1998,1.3155
Nauru,1998,0.0
Germany,1998,906.6052
Haiti,1998,1.5327
Mexico,1998,384.0072
Indonesia,1998,278.2434
Cuba,1998,27.863
Myanmar,1998,8.4254
Croatia,1998,19.0275
France,1998,410.1113
Kuwait,1998,46.3276
Brunei Darussalam,1998,5.7432
Ukraine,1998,364.6114
Czechia,1998,127.9685
Australia,1998,342.1206
Romania,1998,108.985
Ecuador,1998,24.5304
New Zealand,1998,30.4499
Panama,1998,5.7195
Chile,1998,54.8619
Guam,1998,3.0E-4
Kiribati,1998,0.0192
Ghana,1998,6.2701
Trinidad and Tobago,1998,17.9535
Guatemala,1998,8.702
Singapore,1998,41.0625
Canada,1998,513.8479
Belize,1998,0.1889
Lebanon,1998,16.4456
Netherlands,1998,180.8581
Hungary,1998,62.2073
Austria,1998,68.0944
Guyana,1998,1.7494
Mauritius,1998,1.8025
Papua New Guinea,1998,3.2909
Gibraltar,1998,0.3132
Malaysia,1998,110.6521
United Arab Emirates,1998,86.4781
Aruba,1998,0.3512
Japan,1998,1184.3904
Guinea,1998,0.9518
Kenya,1998,7.783
Malta,1998,2.384
Qatar,1998,30.0412
Palau,1998,2.2788
Oman,1998,22.1484
Samoa,1998,0.1409
Colombia,1998,68.74
Belarus,1998,60.3076
Latvia,1998,8.4177
Philippines,1998,75.5809
Denmark,1998,60.2555
Nepal,1998,2.5646
Norway,1998,45.1033
Armenia,1998,3.4727
Tuvalu,1998,0.0
Azerbaijan,1998,27.377
Finland,1998,59.5425
Cayman Islands,1998,0.1394
Georgia,1998,5.4875
Gabon,1999,6.5904
Namibia,1999,1.9927
Czechia,1999,119.7174
Suriname,1999,1.2755
Brunei Darussalam,1999,6.0084
American Samoa,1999,1.0E-4
Mali,1999,0.4262
Jordan,1999,14.8637
Trinidad and Tobago,1999,18.4517
Guinea,1999,0.9959
Angola,1999,18.0315
Uzbekistan,1999,124.2258
Tajikistan,1999,2.9958
Haiti,1999,1.603
Romania,1999,93.1885
Hungary,1999,62.6148
Nepal,1999,3.3362
Malaysia,1999,119.6769
Georgia,1999,4.8888
Sudan,1999,5.4435
Zimbabwe,1999,16.8548
Bulgaria,1999,50.1198
Burkina Faso,1999,0.8081
Northern Mariana Islands,1999,1.0E-4
Benin,1999,1.4415
Chad,1999,0.1674
Senegal,1999,4.0462
Eswatini,1999,1.2654
Honduras,1999,4.8314
Sri Lanka,1999,10.0281
Maldives,1999,0.3428
Turks and Caicos Islands,1999,0.0058
Australia,1999,348.1305
Kuwait,1999,49.8899
Nauru,1999,0.0
Germany,1999,870.6639
Bangladesh,1999,26.1314
Ukraine,1999,364.3644
Cuba,1999,28.6425
Ecuador,1999,21.7119
Panama,1999,5.006
Guatemala,1999,8.6453
Singapore,1999,41.4082
United States,1999,5761.871
South Africa,1999,340.7664
Dominica,1999,0.0619
Papua New Guinea,1999,2.6833
Mauritius,1999,2.2091
United Arab Emirates,1999,89.1524
Tonga,1999,0.1476
Albania,1999,3.0869
Belize,1999,0.1973
Austria,1999,66.2257
Philippines,1999,73.993
Denmark,1999,57.2769
Paraguay,1999,4.4184
Palau,1999,2.4199
Canada,1999,523.4446
Cameroon,1999,5.3343
Italy,1999,449.3568
Kazakhstan,1999,129.6552
Lesotho,1999,0.1319
North Macedonia,1999,9.3667
Costa Rica,1999,5.1692
Ethiopia,1999,3.4961
Greece,1999,88.9042
Uganda,1999,1.3975
Syrian Arab Republic,1999,45.2083
Mongolia,1999,8.6539
Russian Federation,1999,1660.9113
Mozambique,1999,1.29
Bosnia and Herzegovina,1999,10.8922
El Salvador,1999,5.8263
Equatorial Guinea,1999,2.5728
Tunisia,1999,20.1644
Belgium,1999,122.9722
Marshall Islands,1999,1.0E-4
Israel,1999,54.9448
Liberia,1999,0.3038
Grenada,1999,0.0803
Pakistan,1999,109.5793
Aruba,1999,0.3559
Guinea-Bissau,1999,0.2297
Greenland,1999,0.0013
Nigeria,1999,89.9873
Kiribati,1999,0.0192
Jamaica,1999,10.16
Faroe Islands,1999,0.0017
Turkmenistan,1999,38.5614
Antigua and Barbuda,1999,0.2005
Uruguay,1999,6.8878
Thailand,1999,174.5482
Barbados,1999,0.7235
Burundi,1999,0.299
Solomon Islands,1999,0.1819
Comoros,1999,0.0551
Afghanistan,1999,1.3633
Ireland,1999,41.2207
Zambia,1999,1.929
Libya,1999,47.7538
Sierra Leone,1999,0.6804
Niger,1999,0.6805
Cambodia,1999,1.9427
Togo,1999,1.3541
Switzerland,1999,45.5649
Fiji,1999,1.2757
Botswana,1999,4.0332
Cabo Verde,1999,0.0972
Algeria,1999,84.9551
Rwanda,1999,0.5137
Norway,1999,46.7195
Morocco,1999,32.8547
Viet Nam,1999,51.1038
Spain,1999,294.7226
Slovenia,1999,15.473
Nicaragua,1999,3.623
Dominican Republic,1999,18.2069
Iraq,1999,74.3027
Lithuania,1999,13.3317
Oman,1999,25.2192
Finland,1999,58.898
Peru,1999,29.3146
Cayman Islands,1999,0.1412
Azerbaijan,1999,27.3928
Tuvalu,1999,0.0
Gibraltar,1999,0.3257
Colombia,1999,60.2407
Malta,1999,2.4177
Samoa,1999,0.1407
Vanuatu,1999,0.0536
Guam,1999,3.0E-4
Sweden,1999,61.6853
Guyana,1999,1.7376
New Zealand,1999,32.0316
Argentina,1999,139.931
Bermuda,1999,0.2175
Indonesia,1999,295.25
Luxembourg,1999,8.1662
Mexico,1999,373.0984
Myanmar,1999,9.2448
France,1999,403.8509
Brazil,1999,335.9148
Estonia,1999,17.4201
China,1999,3447.771
Portugal,1999,64.7375
Belarus,1999,58.1614
Sao Tome and Principe,1999,0.0584
Djibouti,1999,1.1936
United Kingdom,1999,544.0076
Cyprus,1999,6.8778
Bhutan,1999,0.4006
Latvia,1999,7.8664
Mauritania,1999,2.5178
New Caledonia,1999,1.6637
India,1999,961.5943
Madagascar,1999,1.7076
French Polynesia,1999,0.7539
Armenia,1999,3.1043
Seychelles,1999,0.3962
Kenya,1999,7.9883
Ghana,1999,6.8427
Bahrain,1999,17.3259
Lebanon,1999,16.9466
Japan,1999,1225.1716
Central African Republic,1999,0.2293
Croatia,1999,19.9381
Chile,1999,57.3953
Saudi Arabia,1999,254.3174
Netherlands,1999,176.1509
Qatar,1999,32.5326
Iceland,1999,2.741
Eritrea,1999,0.6793
Malawi,1999,2.7436
Poland,1999,324.6514
Timor-Leste,1999,0.3038
Qatar,2000,31.7522
Belize,2000,0.1397
Zambia,2000,1.9522
Papua New Guinea,2000,2.9145
Trinidad and Tobago,2000,19.1689
Lithuania,2000,11.6567
Morocco,2000,33.5686
Costa Rica,2000,5.1314
Togo,2000,1.2511
South Africa,2000,347.2832
Australia,2000,353.8956
Finland,2000,57.5279
Netherlands,2000,176.8545
French Polynesia,2000,0.7097
Cayman Islands,2000,0.1321
Cabo Verde,2000,0.2802
Bermuda,2000,0.1504
Azerbaijan,2000,28.7946
Croatia,2000,19.378
Dominica,2000,0.0542
American Samoa,2000,1.0E-4
Namibia,2000,1.9154
Tuvalu,2000,0.0
Denmark,2000,53.1494
Gibraltar,2000,0.3412
Colombia,2000,63.4164
Jordan,2000,16.4657
Malta,2000,2.135
Guinea,2000,1.4601
Tajikistan,2000,2.7846
Philippines,2000,74.2644
Mauritius,2000,2.4433
Austria,2000,66.6946
Benin,2000,1.5461
Samoa,2000,0.186
United States,2000,5928.761
Georgia,2000,5.2126
Tunisia,2000,21.131
United Arab Emirates,2000,88.4569
Guam,2000,3.0E-4
Tonga,2000,0.0998
Kuwait,2000,56.0212
Sweden,2000,57.9841
Peru,2000,28.9865
Bahrain,2000,17.7715
Guyana,2000,1.6621
Panama,2000,5.1903
New Zealand,2000,32.9982
Bangladesh,2000,26.9773
Eswatini,2000,1.0976
Ukraine,2000,361.0273
Japan,2000,1243.5768
Turks and Caicos Islands,2000,0.0177
Ghana,2000,6.0172
Indonesia,2000,299.0702
Saudi Arabia,2000,265.2402
Ecuador,2000,22.0624
Germany,2000,871.3847
Nauru,2000,0.0
Romania,2000,97.504
Luxembourg,2000,8.8008
Zimbabwe,2000,14.6562
Malaysia,2000,130.7612
Mexico,2000,396.7431
Hungary,2000,59.4623
France,2000,400.866
Vanuatu,2000,0.084
Myanmar,2000,10.042
Mauritania,2000,1.0582
Lebanon,2000,15.3085
Bhutan,2000,0.4054
Guatemala,2000,9.6791
Cuba,2000,28.9959
Sri Lanka,2000,11.4667
Suriname,2000,1.4802
Brazil,2000,349.4076
Gabon,2000,6.6039
Timor-Leste,2000,0.3496
Portugal,2000,64.2448
Belarus,2000,56.2599
Singapore,2000,45.5193
Estonia,2000,17.8215
China,2000,3647.8772
Haiti,2000,1.6951
Maldives,2000,0.6278
Turkmenistan,2000,39.3402
Poland,2000,313.0274
United Kingdom,2000,551.9584
Nigeria,2000,100.1949
Palau,2000,2.122
Norway,2000,41.7695
Faroe Islands,2000,0.0018
Guinea-Bissau,2000,0.2011
Thailand,2000,174.8428
Kenya,2000,8.9072
Sierra Leone,2000,0.4316
Djibouti,2000,0.7336
Antigua and Barbuda,2000,0.1357
Pakistan,2000,111.8899
Honduras,2000,5.0003
Uganda,2000,1.4139
Burundi,2000,0.2925
Solomon Islands,2000,0.2328
Jamaica,2000,10.2444
Kiribati,2000,0.0324
Grenada,2000,0.0574
Aruba,2000,0.2689
Iceland,2000,2.8524
Uruguay,2000,5.5706
Senegal,2000,3.9891
Malawi,2000,3.0984
Sao Tome and Principe,2000,0.0547
Chile,2000,53.8569
Comoros,2000,0.0901
Czechia,2000,132.3167
Liberia,2000,0.3992
Israel,2000,59.2839
Belgium,2000,124.8977
Armenia,2000,3.5697
Ireland,2000,43.827
Uzbekistan,2000,131.5221
Marshall Islands,2000,1.0E-4
Nepal,2000,3.4194
El Salvador,2000,5.7988
Latvia,2000,7.2309
Libya,2000,49.2846
Mozambique,2000,1.571
Eritrea,2000,0.6703
Afghanistan,2000,1.0093
Bosnia and Herzegovina,2000,14.2812
Equatorial Guinea,2000,2.7446
Russian Federation,2000,1681.1521
Niger,2000,0.7016
Chad,2000,0.2404
Mongolia,2000,9.0405
Kazakhstan,2000,132.224
Bulgaria,2000,48.1779
Syrian Arab Republic,2000,45.9017
Argentina,2000,136.7561
Angola,2000,16.512
Cambodia,2000,2.0014
Switzerland,2000,44.7643
New Caledonia,2000,2.1568
Greece,2000,96.0663
Central African Republic,2000,0.2564
Fiji,2000,1.4433
Algeria,2000,87.9391
Ethiopia,2000,3.8766
Cyprus,2000,7.1329
Seychelles,2000,0.7545
Albania,2000,3.2329
Botswana,2000,4.0996
Greenland,2000,0.0013
Lesotho,2000,0.3508
India,2000,996.8909
Italy,2000,454.3191
Brunei Darussalam,2000,6.0748
Rwanda,2000,0.6805
Burkina Faso,2000,0.8726
Viet Nam,2000,56.5356
Barbados,2000,0.588
Northern Mariana Islands,2000,1.0E-4
Canada,2000,543.1076
Mali,2000,0.796
Dominican Republic,2000,19.0138
Cameroon,2000,5.7263
Spain,2000,310.3327
Slovenia,2000,15.094
Nicaragua,2000,3.7702
Madagascar,2000,1.6942
North Macedonia,2000,9.0375
Oman,2000,26.3172
Sudan,2000,6.0
Paraguay,2000,3.6426
Iraq,2000,88.811
Kenya,2001,8.2528
Djibouti,2001,0.755
Uganda,2001,1.4377
Paraguay,2001,3.7869
Vanuatu,2001,0.0977
Palau,2001,2.3636
Guatemala,2001,10.1703
Mauritius,2001,2.5836
Cameroon,2001,5.7003
Norway,2001,42.2835
Mongolia,2001,9.0123
Grenada,2001,0.0583
Solomon Islands,2001,0.2555
Cambodia,2001,2.1876
Slovenia,2001,16.9662
Bermuda,2001,0.1487
Guam,2001,3.0E-4
Mexico,2001,394.7859
Estonia,2001,18.2484
Croatia,2001,20.5434
Poland,2001,309.7595
Czechia,2001,132.2272
Romania,2001,104.4084
Northern Mariana Islands,2001,1.0E-4
Ecuador,2001,24.3171
Panama,2001,6.2056
Eswatini,2001,1.112
Tonga,2001,0.0947
Tunisia,2001,22.0123
United Arab Emirates,2001,101.2593
Philippines,2001,71.6919
Denmark,2001,54.7427
Costa Rica,2001,5.5322
Lebanon,2001,16.5184
North Macedonia,2001,9.2214
Togo,2001,1.1264
Italy,2001,453.6804
Lesotho,2001,0.3651
Argentina,2001,131.3266
Papua New Guinea,2001,3.5427
Ethiopia,2001,4.7877
Belize,2001,0.1425
Syrian Arab Republic,2001,46.0132
Kazakhstan,2001,130.4765
Equatorial Guinea,2001,3.6006
Russian Federation,2001,1684.2769
Bosnia and Herzegovina,2001,14.0968
Israel,2001,59.2332
Liberia,2001,0.4602
Aruba,2001,0.2719
Belgium,2001,125.7555
Nigeria,2001,106.3441
Thailand,2001,183.5255
Faroe Islands,2001,0.0018
Antigua and Barbuda,2001,0.1326
Azerbaijan,2001,27.7171
Comoros,2001,0.0971
Pakistan,2001,113.9766
Ireland,2001,46.0507
Libya,2001,48.7489
Niger,2001,0.7061
Uruguay,2001,5.0175
Switzerland,2001,46.1887
Fiji,2001,1.5636
Botswana,2001,3.9558
Oman,2001,28.482
Rwanda,2001,0.6956
Barbados,2001,0.5649
Kiribati,2001,0.0292
Dominican Republic,2001,19.1483
Nicaragua,2001,3.9936
Iraq,2001,100.6528
Lithuania,2001,12.3913
Finland,2001,63.5758
Colombia,2001,63.0335
Jamaica,2001,10.3087
Tuvalu,2001,0.0
Belarus,2001,54.9987
Samoa,2001,0.2009
United States,2001,5877.6294
Sweden,2001,58.0584
New Zealand,2001,34.9081
Indonesia,2001,319.562
Zambia,2001,1.9678
Luxembourg,2001,9.3343
Portugal,2001,63.4978
France,2001,404.9849
Bhutan,2001,0.4392
Armenia,2001,3.6334
Zimbabwe,2001,14.5958
Brazil,2001,351.3367
China,2001,3825.0579
Sao Tome and Principe,2001,0.0558
New Caledonia,2001,2.204
India,2001,1012.998
Madagascar,2001,1.7104
Cyprus,2001,6.9985
French Polynesia,2001,0.8298
Bahrain,2001,18.4025
Japan,2001,1229.9895
Jordan,2001,16.5076
Chile,2001,51.6629
Netherlands,2001,181.4569
Iceland,2001,2.9576
Malawi,2001,3.1666
Gabon,2001,6.741
Saudi Arabia,2001,275.7907
Eritrea,2001,0.7353
Suriname,2001,1.5206
Bangladesh,2001,32.633
Brunei Darussalam,2001,5.8618
Angola,2001,16.1923
Benin,2001,1.8573
Ukraine,2001,360.1685
Nepal,2001,3.6551
Hungary,2001,61.0051
Malaysia,2001,138.4076
Georgia,2001,3.8788
Tajikistan,2001,2.7419
Chad,2001,0.2432
Sudan,2001,6.5484
Trinidad and Tobago,2001,21.731
Bulgaria,2001,50.424
Uzbekistan,2001,132.6334
Senegal,2001,4.5133
Cuba,2001,27.8233
Honduras,2001,5.8868
Maldives,2001,0.5547
Nauru,2001,0.0
Germany,2001,885.4745
Sri Lanka,2001,11.3742
Turks and Caicos Islands,2001,0.0184
Burkina Faso,2001,1.0203
Australia,2001,360.4279
Central African Republic,2001,0.2732
Haiti,2001,1.728
Mali,2001,0.8333
Namibia,2001,2.4506
Peru,2001,26.9396
Ghana,2001,6.5036
Viet Nam,2001,62.0917
Kuwait,2001,58.8749
Seychelles,2001,0.8382
United Kingdom,2001,563.115
Myanmar,2001,8.7748
Qatar,2001,32.4296
Guyana,2001,1.6456
Malta,2001,2.4949
Gibraltar,2001,0.35
Cayman Islands,2001,0.1308
Timor-Leste,2001,0.2656
Spain,2001,310.5378
Algeria,2001,85.8235
Burundi,2001,0.2358
Albania,2001,3.4396
Sierra Leone,2001,0.5494
El Salvador,2001,6.0363
Guinea-Bissau,2001,0.2115
Turkmenistan,2001,40.2879
Marshall Islands,2001,1.0E-4
Latvia,2001,7.6692
Mozambique,2001,1.8966
Dominica,2001,0.0545
Greece,2001,98.1212
Canada,2001,534.3756
American Samoa,2001,1.0E-4
Austria,2001,71.3722
Afghanistan,2001,0.9402
Singapore,2001,45.9066
Morocco,2001,36.9966
Guinea,2001,1.5754
Mauritania,2001,1.1705
Greenland,2001,0.0014
South Africa,2001,357.3788
Cabo Verde,2001,0.3248
Chile,2002,52.1984
Albania,2002,4.0067
Jordan,2002,17.2075
Morocco,2002,38.277
Ghana,2002,7.6803
Bangladesh,2002,34.3448
Latvia,2002,7.665
Bahrain,2002,19.2269
Tuvalu,2002,0.0
French Polynesia,2002,0.8778
Madagascar,2002,1.1663
Viet Nam,2002,73.0818
Vanuatu,2002,0.0961
Zambia,2002,2.0678
Norway,2002,41.5842
India,2002,1051.0846
Guinea,2002,1.698
Seychelles,2002,0.7586
New Caledonia,2002,2.4531
Sao Tome and Principe,2002,0.0644
Australia,2002,368.6413
Kenya,2002,8.0095
China,2002,4133.073
Greenland,2002,0.0014
Brazil,2002,351.437
United Kingdom,2002,547.1609
Myanmar,2002,8.8446
Romania,2002,103.3991
France,2002,399.5764
Luxembourg,2002,10.0323
Indonesia,2002,324.9389
Czechia,2002,127.4031
Guyana,2002,1.6237
Poland,2002,302.5145
Armenia,2002,3.1014
New Zealand,2002,35.0031
Sweden,2002,59.3887
Bhutan,2002,0.4774
Samoa,2002,0.2076
Barbados,2002,0.6061
Kiribati,2002,0.0432
Togo,2002,1.199
Malta,2002,2.3242
United States,2002,5726.7266
Jamaica,2002,10.2596
Belarus,2002,55.1904
Croatia,2002,21.359
Gibraltar,2002,0.3562
Cayman Islands,2002,0.1432
Estonia,2002,17.5188
Mexico,2002,400.9452
Colombia,2002,60.5863
Finland,2002,65.7268
Lithuania,2002,12.4707
Iraq,2002,95.0518
Spain,2002,328.5903
Uganda,2002,1.6383
Nicaragua,2002,4.1327
Uruguay,2002,4.6084
Afghanistan,2002,0.9388
Kuwait,2002,61.582
Rwanda,2002,0.8185
Oman,2002,30.4524
Botswana,2002,4.1754
Fiji,2002,1.2938
Zimbabwe,2002,13.3321
Mauritania,2002,1.2997
Algeria,2002,89.6877
Qatar,2002,36.2002
Switzerland,2002,44.5779
Niger,2002,0.7335
Pakistan,2002,113.3313
Libya,2002,49.8968
Ireland,2002,44.9831
Comoros,2002,0.1004
Azerbaijan,2002,27.4864
Guam,2002,3.0E-4
Burundi,2002,0.2227
Slovenia,2002,17.2769
Timor-Leste,2002,0.2492
El Salvador,2002,6.0539
Belgium,2002,118.493
Bermuda,2002,0.1656
Sierra Leone,2002,0.5798
Faroe Islands,2002,0.0018
Antigua and Barbuda,2002,0.1501
Cambodia,2002,2.2479
Guinea-Bissau,2002,0.2233
Solomon Islands,2002,0.2678
Thailand,2002,195.0715
Nigeria,2002,96.2193
Aruba,2002,0.297
Grenada,2002,0.0634
Liberia,2002,0.4656
Israel,2002,62.4864
Belize,2002,0.1422
Mongolia,2002,9.658
Marshall Islands,2002,1.0E-4
Japan,2002,1264.5009
Lebanon,2002,16.4658
Portugal,2002,67.7384
Mozambique,2002,1.9873
Turkmenistan,2002,43.2202
Russian Federation,2002,1675.2947
Dominica,2002,0.0492
Bosnia and Herzegovina,2002,14.8282
Papua New Guinea,2002,4.0639
Kazakhstan,2002,145.534
Tajikistan,2002,2.7554
Syrian Arab Republic,2002,45.8279
Equatorial Guinea,2002,3.2122
Palau,2002,1.4441
Ethiopia,2002,4.9217
Lesotho,2002,0.3854
South Africa,2002,370.7728
Greece,2002,98.0879
Canada,2002,554.066
Cabo Verde,2002,0.3613
Italy,2002,460.957
North Macedonia,2002,8.6901
American Samoa,2002,1.0E-4
Cuba,2002,26.5653
Mauritius,2002,2.6372
Austria,2002,73.2194
Denmark,2002,54.2604
Paraguay,2002,3.9651
Philippines,2002,72.9411
Costa Rica,2002,5.6463
Tunisia,2002,21.7773
United Arab Emirates,2002,103.5184
Tonga,2002,0.1046
Sri Lanka,2002,11.8987
Germany,2002,869.9404
Guatemala,2002,10.6383
Nauru,2002,0.0
Dominican Republic,2002,21.0187
Maldives,2002,0.6721
Senegal,2002,4.6805
Honduras,2002,6.2176
Uzbekistan,2002,136.8801
Bulgaria,2002,47.5974
Cyprus,2002,7.176
Trinidad and Tobago,2002,23.4966
Eswatini,2002,1.0825
Sudan,2002,7.9985
Peru,2002,28.102
Chad,2002,0.2635
Panama,2002,5.4104
Georgia,2002,3.5935
Central African Republic,2002,0.2792
Ecuador,2002,24.2976
Malaysia,2002,146.5505
Haiti,2002,1.9515
Northern Mariana Islands,2002,1.0E-4
Hungary,2002,59.9824
Nepal,2002,2.9843
Ukraine,2002,360.5556
Angola,2002,15.9155
Eritrea,2002,0.7256
Brunei Darussalam,2002,5.5581
Benin,2002,2.1429
Cameroon,2002,5.6195
Mali,2002,0.8731
Saudi Arabia,2002,293.7233
Turks and Caicos Islands,2002,0.0259
Namibia,2002,2.1315
Singapore,2002,45.2172
Suriname,2002,1.1182
Gabon,2002,6.4721
Djibouti,2002,0.7829
Malawi,2002,3.1305
Burkina Faso,2002,1.0828
Iceland,2002,3.1289
Netherlands,2002,181.8328
Argentina,2002,124.0151
Japan,2003,1271.9268
Portugal,2003,62.8034
Equatorial Guinea,2003,3.5906
Pakistan,2003,117.4976
Togo,2003,1.4374
Argentina,2003,135.1954
Cyprus,2003,7.8441
El Salvador,2003,6.5795
Palau,2003,1.7181
Poland,2003,315.3023
Czechia,2003,130.6674
Ecuador,2003,24.941
Panama,2003,5.4813
Philippines,2003,74.7742
Denmark,2003,59.6907
Italy,2003,480.7606
Lesotho,2003,0.392
Syrian Arab Republic,2003,45.9819
Kazakhstan,2003,162.1546
Zimbabwe,2003,10.9284
Bosnia and Herzegovina,2003,15.1887
Thailand,2003,202.9305
Papua New Guinea,2003,4.5293
Israel,2003,64.2504
Liberia,2003,0.5042
Azerbaijan,2003,29.7755
Ireland,2003,44.4685
Libya,2003,53.7897
Switzerland,2003,45.8584
Belarus,2003,55.8311
Botswana,2003,4.1354
Iraq,2003,82.8885
Lithuania,2003,12.4924
Armenia,2003,3.4708
Sweden,2003,59.6586
Indonesia,2003,353.623
Luxembourg,2003,10.4543
Brazil,2003,346.5055
Kenya,2003,7.2312
Jordan,2003,17.6466
Kiribati,2003,0.0447
Jamaica,2003,10.557
India,2003,1083.014
Madagascar,2003,1.5496
Tuvalu,2003,0.0
Albania,2003,4.2116
Latvia,2003,7.9151
Suriname,2003,1.2348
Iceland,2003,3.1
Zambia,2003,2.2392
Malawi,2003,3.1575
Benin,2003,2.4
Brunei Darussalam,2003,6.4529
Hungary,2003,62.681
Malaysia,2003,156.5469
Sudan,2003,8.2143
Trinidad and Tobago,2003,27.1427
Bulgaria,2003,53.4629
Honduras,2003,6.8829
Maldives,2003,0.5775
Sri Lanka,2003,12.8592
Peru,2003,27.5531
Haiti,2003,1.9374
Mali,2003,0.8969
Burkina Faso,2003,1.2062
Viet Nam,2003,77.6463
Guyana,2003,1.6197
Malta,2003,2.6135
Spain,2003,335.9673
Algeria,2003,96.5063
Kuwait,2003,64.9188
Burundi,2003,0.1851
Dominica,2003,0.056
Guinea-Bissau,2003,0.2645
Marshall Islands,2003,1.0E-4
Timor-Leste,2003,0.2639
Austria,2003,78.1693
Guinea,2003,1.7983
Mauritania,2003,1.363
South Africa,2003,393.576
Cabo Verde,2003,0.3632
Guatemala,2003,10.6273
Mauritius,2003,2.7615
Paraguay,2003,4.0925
Uganda,2003,1.731
Solomon Islands,2003,0.278
Cambodia,2003,2.4181
Guam,2003,3.0E-4
Mexico,2003,420.7099
Dominican Republic,2003,18.7928
Tajikistan,2003,2.8163
Slovenia,2003,17.1247
Grenada,2003,0.0696
Mongolia,2003,9.3625
Bermuda,2003,0.171
Cameroon,2003,5.736
Vanuatu,2003,0.1122
Turkmenistan,2003,48.1523
Greenland,2003,0.0014
Morocco,2003,38.1053
Singapore,2003,42.4426
American Samoa,2003,1.0E-4
Canada,2003,573.6827
Djibouti,2003,0.8269
Greece,2003,101.8453
Mozambique,2003,2.5256
Sierra Leone,2003,0.6169
Cayman Islands,2003,0.1508
United Kingdom,2003,560.7371
Gibraltar,2003,0.3625
Myanmar,2003,10.9584
Australia,2003,368.1402
Seychelles,2003,0.7652
Afghanistan,2003,1.0172
Turks and Caicos Islands,2003,0.0277
Ghana,2003,7.2083
Namibia,2003,2.2752
Central African Republic,2003,0.2644
Germany,2003,877.913
Nauru,2003,0.0
Senegal,2003,4.5437
Uzbekistan,2003,128.9701
Chad,2003,0.3973
Lebanon,2003,16.4707
Georgia,2003,3.9559
Nepal,2003,3.3881
Ukraine,2003,392.9829
Angola,2003,17.3297
Saudi Arabia,2003,308.3271
Gabon,2003,7.3423
Netherlands,2003,184.2851
Chile,2003,54.1255
Bangladesh,2003,35.9887
Bahrain,2003,19.8961
French Polynesia,2003,0.9342
New Caledonia,2003,2.7176
Sao Tome and Principe,2003,0.073
China,2003,4773.1084
France,2003,404.4794
New Zealand,2003,35.9222
Bhutan,2003,0.496
Barbados,2003,0.6372
Samoa,2003,0.2143
Colombia,2003,60.0512
Finland,2003,74.0954
Nicaragua,2003,4.5272
Uruguay,2003,4.5952
Rwanda,2003,0.7085
Fiji,2003,1.5253
Niger,2003,0.7968
Comoros,2003,0.1304
Belgium,2003,123.3712
Aruba,2003,0.3424
Faroe Islands,2003,0.0019
Nigeria,2003,107.6154
Belize,2003,0.1497
Antigua and Barbuda,2003,0.1637
Russian Federation,2003,1737.2524
Ethiopia,2003,5.2607
North Macedonia,2003,9.4421
Costa Rica,2003,6.0688
United Arab Emirates,2003,108.8196
Eswatini,2003,1.0047
Tunisia,2003,21.5652
Northern Mariana Islands,2003,1.0E-4
Tonga,2003,0.1255
Romania,2003,107.8474
Croatia,2003,22.7487
Estonia,2003,19.5544
Norway,2003,44.4457
Qatar,2003,38.2693
United States,2003,5792.9233
Eritrea,2003,0.7004
Oman,2003,32.1826
Cuba,2003,25.7977
Uruguay,2004,5.755
Benin,2004,2.5584
Netherlands,2004,186.7527
Burundi,2004,0.2191
Nicaragua,2004,4.6436
Zimbabwe,2004,10.3653
Suriname,2004,1.3939
Iraq,2004,90.3219
Jamaica,2004,10.6008
Lithuania,2004,13.0659
Angola,2004,17.6903
Mauritius,2004,2.7849
Finland,2004,70.4547
Albania,2004,4.4144
Chile,2004,58.5003
Bhutan,2004,0.501
Colombia,2004,60.0947
Mozambique,2004,2.7803
Latvia,2004,7.9578
Tuvalu,2004,0.0
Armenia,2004,3.7592
French Polynesia,2004,0.8833
Samoa,2004,0.2106
Guam,2004,3.0E-4
Madagascar,2004,1.6759
India,2004,1168.0565
Argentina,2004,149.6663
Eritrea,2004,0.7174
New Caledonia,2004,2.4343
Sweden,2004,58.0655
Marshall Islands,2004,1.0E-4
Sao Tome and Principe,2004,0.0826
New Zealand,2004,35.5217
Barbados,2004,0.6307
Guinea-Bissau,2004,0.2697
Indonesia,2004,360.1513
Brazil,2004,365.3106
Kenya,2004,8.0523
Luxembourg,2004,11.8803
Jordan,2004,19.0154
Mexico,2004,430.4581
France,2004,405.5101
China,2004,5496.262
Bahrain,2004,19.9206
Bangladesh,2004,37.9102
Bermuda,2004,0.173
Sierra Leone,2004,0.6125
Qatar,2004,41.1694
United Kingdom,2004,561.1737
Mauritania,2004,1.4867
Estonia,2004,20.0456
Dominica,2004,0.0598
Spain,2004,352.4974
Guinea,2004,1.8304
Cayman Islands,2004,0.1399
United Arab Emirates,2004,115.0197
Tonga,2004,0.1118
Gibraltar,2004,0.3938
Morocco,2004,42.829
Malta,2004,2.6069
Croatia,2004,22.7281
Guyana,2004,1.6735
Cabo Verde,2004,0.3895
Poland,2004,317.4868
Norway,2004,44.8909
Myanmar,2004,10.6311
Tunisia,2004,22.8155
Czechia,2004,131.5325
Turks and Caicos Islands,2004,0.028
Japan,2004,1267.0449
Kiribati,2004,0.0464
Northern Mariana Islands,2004,1.0E-4
Ecuador,2004,26.7658
Australia,2004,381.9789
Singapore,2004,44.523
Panama,2004,5.5089
Eswatini,2004,0.9945
El Salvador,2004,6.8293
Seychelles,2004,1.0615
Romania,2004,105.5802
Dominican Republic,2004,17.4255
Viet Nam,2004,91.9274
Mongolia,2004,9.577
Portugal,2004,64.5657
Costa Rica,2004,6.1802
Ghana,2004,6.7168
Tajikistan,2004,3.3521
Philippines,2004,75.6877
Denmark,2004,54.1158
Burkina Faso,2004,1.0691
Uganda,2004,1.8123
United States,2004,5879.9873
Namibia,2004,2.3976
North Macedonia,2004,9.2012
Djibouti,2004,0.7915
Mali,2004,0.9141
Haiti,2004,1.7908
Central African Republic,2004,0.2563
Paraguay,2004,4.1409
Italy,2004,492.1601
American Samoa,2004,1.0E-4
Lesotho,2004,0.407
Cuba,2004,25.3168
Sri Lanka,2004,13.2787
Trinidad and Tobago,2004,28.9004
Ethiopia,2004,5.7314
Solomon Islands,2004,0.2865
Syrian Arab Republic,2004,48.0318
Grenada,2004,0.0664
Thailand,2004,221.1427
Kazakhstan,2004,174.5565
Bosnia and Herzegovina,2004,16.0341
Greenland,2004,0.6039
Germany,2004,863.3895
Russian Federation,2004,1738.8704
Peru,2004,31.8204
Antigua and Barbuda,2004,0.1664
Israel,2004,64.0088
Algeria,2004,96.626
Nauru,2004,0.0
Liberia,2004,0.5452
Maldives,2004,0.7389
Senegal,2004,5.177
Equatorial Guinea,2004,6.2799
Honduras,2004,7.8297
Canada,2004,559.7484
Afghanistan,2004,0.9024
Nigeria,2004,103.9479
Papua New Guinea,2004,4.819
Uzbekistan,2004,132.1457
Faroe Islands,2004,0.0019
Cameroon,2004,5.6371
Bulgaria,2004,51.4635
Sudan,2004,9.2338
Chad,2004,0.4555
Cambodia,2004,2.4195
Belize,2004,0.1372
Turkmenistan,2004,51.3238
Aruba,2004,0.3494
Georgia,2004,4.3124
Azerbaijan,2004,29.5011
Comoros,2004,0.1402
Palau,2004,1.5218
Malaysia,2004,169.5908
Zambia,2004,2.3034
Hungary,2004,60.8195
Slovenia,2004,17.3993
Nepal,2004,2.9269
South Africa,2004,425.7469
Ireland,2004,44.9913
Libya,2004,53.2302
Belgium,2004,121.9791
Niger,2004,0.8327
Oman,2004,31.7775
Ukraine,2004,368.8172
Greece,2004,101.5903
Kuwait,2004,68.9816
Switzerland,2004,46.4029
Timor-Leste,2004,0.5158
Brunei Darussalam,2004,6.2692
Belarus,2004,59.1875
Lebanon,2004,16.6903
Fiji,2004,1.979
Austria,2004,79.6087
Saudi Arabia,2004,327.0192
Cyprus,2004,7.7891
Botswana,2004,4.0534
Pakistan,2004,131.4397
Rwanda,2004,0.6867
Gabon,2004,6.6252
Togo,2004,1.378
Vanuatu,2004,0.0874
Malawi,2004,3.1468
Iceland,2004,3.1757
Guatemala,2004,10.8357
Uruguay,2005,5.5678
Burundi,2005,0.184
United States,2005,5888.1655
Zimbabwe,2005,11.512
South Africa,2005,436.2554
Netherlands,2005,182.1833
Bosnia and Herzegovina,2005,16.8463
Nicaragua,2005,4.4103
Canada,2005,582.3075
Uzbekistan,2005,125.5292
Cabo Verde,2005,0.6073
Suriname,2005,1.6888
Vanuatu,2005,0.0892
Afghanistan,2005,1.2763
Iraq,2005,87.2363
Burkina Faso,2005,1.1383
Tajikistan,2005,3.1911
Rwanda,2005,0.7419
Bhutan,2005,0.5429
Guam,2005,3.0E-4
Denmark,2005,50.6492
North Macedonia,2005,9.6631
Angola,2005,15.6389
Papua New Guinea,2005,5.2298
Lithuania,2005,13.9579
Mali,2005,0.9448
Albania,2005,4.1489
Niger,2005,0.7988
Fiji,2005,1.7308
Chile,2005,59.1432
Finland,2005,58.2464
Qatar,2005,43.56
Namibia,2005,2.5696
Colombia,2005,61.8883
Uganda,2005,2.2217
Bulgaria,2005,52.4905
Tuvalu,2005,0.0
Cuba,2005,26.2056
Mozambique,2005,2.6658
Slovenia,2005,17.6363
Lebanon,2005,16.5758
Dominican Republic,2005,18.79
Jordan,2005,20.3143
Turkmenistan,2005,52.8983
French Polynesia,2005,0.9413
Kuwait,2005,77.2337
Eritrea,2005,0.6042
Benin,2005,2.8015
Sweden,2005,54.5336
Sudan,2005,10.8686
Haiti,2005,1.8291
Madagascar,2005,1.7881
Samoa,2005,0.2178
Timor-Leste,2005,0.3496
Paraguay,2005,3.8195
India,2005,1217.7273
Palau,2005,1.7352
Central African Republic,2005,0.2526
Greece,2005,103.6398
Italy,2005,493.0711
New Caledonia,2005,2.7003
Marshall Islands,2005,1.0E-4
Argentina,2005,153.6289
Bangladesh,2005,40.3834
Chad,2005,0.4809
Djibouti,2005,0.7541
New Zealand,2005,36.1921
Mexico,2005,447.327
Sao Tome and Principe,2005,0.0893
Solomon Islands,2005,0.2989
Saudi Arabia,2005,346.3837
Indonesia,2005,362.597
Faroe Islands,2005,0.0019
Lesotho,2005,0.4079
Trinidad and Tobago,2005,35.0199
Brazil,2005,369.2574
Thailand,2005,229.2248
Guinea-Bissau,2005,0.2753
American Samoa,2005,1.0E-4
Kenya,2005,9.026
United Kingdom,2005,559.5236
Ukraine,2005,357.0932
Greenland,2005,0.6108
Luxembourg,2005,12.1143
Gabon,2005,6.3917
Barbados,2005,0.6457
Sri Lanka,2005,14.4301
Togo,2005,1.3112
China,2005,6235.685
Libya,2005,57.7261
France,2005,407.7638
Aruba,2005,0.3853
Ethiopia,2005,5.4729
Sierra Leone,2005,0.5675
Syrian Arab Republic,2005,58.8097
Belize,2005,0.1509
Bahrain,2005,23.3702
Cambodia,2005,2.7013
Mauritania,2005,1.5383
Georgia,2005,4.9793
Switzerland,2005,47.0336
Estonia,2005,20.0689
Austria,2005,80.4137
Kazakhstan,2005,187.5969
Tonga,2005,0.1212
Comoros,2005,0.1357
Spain,2005,367.8339
Azerbaijan,2005,31.2193
Dominica,2005,0.0589
United Arab Emirates,2005,122.4613
Portugal,2005,67.8316
Germany,2005,841.7481
Cayman Islands,2005,0.1471
Guinea,2005,1.7523
Turks and Caicos Islands,2005,0.0336
El Salvador,2005,7.0326
Norway,2005,43.3127
Jamaica,2005,10.6289
Mauritius,2005,2.9793
Gibraltar,2005,0.4063
Antigua and Barbuda,2005,0.1725
Oman,2005,33.0427
Tunisia,2005,23.4473
Morocco,2005,44.6593
Malta,2005,2.6349
Malawi,2005,3.5683
Croatia,2005,22.8507
Equatorial Guinea,2005,6.3957
Peru,2005,31.8397
Guyana,2005,1.4834
Senegal,2005,5.7486
Poland,2005,317.098
Russian Federation,2005,1739.3021
Algeria,2005,101.4002
Israel,2005,61.8728
Myanmar,2005,11.2422
Mongolia,2005,11.1291
Malaysia,2005,181.1171
Belgium,2005,119.0079
Guatemala,2005,11.7657
Japan,2005,1278.6849
Czechia,2005,129.0481
Belarus,2005,60.0192
Northern Mariana Islands,2005,1.0E-4
Nauru,2005,0.0
Grenada,2005,0.0713
Ecuador,2005,28.8656
Iceland,2005,3.1274
Bermuda,2005,0.186
Australia,2005,384.1228
Liberia,2005,0.6812
Singapore,2005,41.7315
Maldives,2005,0.6848
Kiribati,2005,0.0616
Hungary,2005,61.2153
Panama,2005,7.102
Brunei Darussalam,2005,6.0092
Ireland,2005,47.0738
Seychelles,2005,0.9643
Eswatini,2005,0.9909
Zambia,2005,2.4735
Botswana,2005,4.3907
Romania,2005,104.4913
Honduras,2005,7.0955
Armenia,2005,4.4627
Nepal,2005,3.2758
Viet Nam,2005,100.5495
Latvia,2005,8.03
Nigeria,2005,102.9696
Cyprus,2005,7.906
Philippines,2005,78.8843
Costa Rica,2005,6.3561
Pakistan,2005,133.921
Cameroon,2005,5.4713
Ghana,2005,7.1058
Cabo Verde,2006,0.6606
Greenland,2006,0.6246
Kuwait,2006,79.9333
Singapore,2006,41.9694
Mauritania,2006,1.6904
Morocco,2006,45.3821
Guinea,2006,1.8567
Timor-Leste,2006,0.3409
South Africa,2006,440.6064
American Samoa,2006,1.0E-4
Algeria,2006,105.5039
Canada,2006,574.6974
Bermuda,2006,0.2316
Greece,2006,102.3866
Qatar,2006,48.987
Burundi,2006,0.2304
Marshall Islands,2006,1.0E-4
Mozambique,2006,2.8271
Sierra Leone,2006,0.7116
Turks and Caicos Islands,2006,0.0427
Guinea-Bissau,2006,0.2891
Spain,2006,358.3338
Cayman Islands,2006,0.1645
Gibraltar,2006,0.425
Tunisia,2006,24.238
Malta,2006,2.6594
Guyana,2006,1.3346
Japan,2006,1256.0383
Myanmar,2006,10.4556
Dominica,2006,0.0625
Australia,2006,390.1907
El Salvador,2006,7.3891
Austria,2006,78.2717
Seychelles,2006,1.0495
Viet Nam,2006,103.16
United States,2006,5790.008
Ghana,2006,8.6407
Trinidad and Tobago,2006,38.5543
Burkina Faso,2006,1.1497
Mali,2006,1.1347
Namibia,2006,2.5301
Zambia,2006,2.4089
Portugal,2006,62.9435
Central African Republic,2006,0.2678
Haiti,2006,1.8514
Kiribati,2006,0.0662
Djibouti,2006,0.7235
Zimbabwe,2006,10.7255
Sri Lanka,2006,13.1944
Senegal,2006,5.6142
Germany,2006,855.4482
Peru,2006,31.49
Maldives,2006,0.8365
Nauru,2006,0.0
Honduras,2006,8.1471
Uzbekistan,2006,134.4224
Bulgaria,2006,54.0356
Lebanon,2006,16.1341
Chad,2006,0.4975
Sudan,2006,13.2804
Georgia,2006,5.6816
Malaysia,2006,187.727
Hungary,2006,60.6797
Nepal,2006,2.7125
Cyprus,2006,8.0115
Ukraine,2006,356.3792
Jamaica,2006,12.311
United Kingdom,2006,559.9305
Brunei Darussalam,2006,8.6155
Saudi Arabia,2006,366.7435
Gabon,2006,5.7072
Malawi,2006,3.7866
Iceland,2006,3.2417
Dominican Republic,2006,20.5794
Netherlands,2006,177.6801
Suriname,2006,1.5314
Albania,2006,4.1351
Angola,2006,16.3203
Chile,2006,60.3603
Tuvalu,2006,0.0
Eritrea,2006,0.5434
French Polynesia,2006,0.8855
Madagascar,2006,1.7144
India,2006,1299.6787
New Caledonia,2006,2.7227
Benin,2006,3.8591
Sao Tome and Principe,2006,0.0952
Brazil,2006,373.6873
Afghanistan,2006,1.4185
Kenya,2006,9.9988
Barbados,2006,0.6979
China,2006,6922.874
France,2006,397.0172
Luxembourg,2006,11.9422
Indonesia,2006,383.4194
Argentina,2006,162.5613
New Zealand,2006,36.304
Bangladesh,2006,43.4924
Samoa,2006,0.2187
Denmark,2006,58.5998
Sweden,2006,55.0985
Jordan,2006,20.5438
Colombia,2006,59.0498
Thailand,2006,232.8491
Finland,2006,69.8556
Lithuania,2006,14.1941
Iraq,2006,84.864
Pakistan,2006,145.311
Nicaragua,2006,4.6665
Bhutan,2006,0.5686
Belgium,2006,116.0773
Uruguay,2006,6.4885
Rwanda,2006,0.7446
Botswana,2006,4.1486
Fiji,2006,1.8608
Belarus,2006,62.4637
Tajikistan,2006,3.4897
Libya,2006,57.4771
Niger,2006,0.8016
Belize,2006,0.1745
Ireland,2006,47.6882
Switzerland,2006,46.607
Comoros,2006,0.1617
Oman,2006,42.1453
Aruba,2006,0.4242
Azerbaijan,2006,31.9395
Faroe Islands,2006,0.002
Papua New Guinea,2006,5.3175
Bosnia and Herzegovina,2006,18.6905
Nigeria,2006,92.7246
Liberia,2006,0.717
Russian Federation,2006,1776.1969
Antigua and Barbuda,2006,0.1962
Israel,2006,65.0379
Kazakhstan,2006,210.1923
Ethiopia,2006,5.7957
Syrian Arab Republic,2006,61.5688
Lesotho,2006,0.4144
Italy,2006,487.5246
North Macedonia,2006,9.6474
Cuba,2006,26.7903
Costa Rica,2006,6.9054
Philippines,2006,70.973
Armenia,2006,4.4457
Romania,2006,110.842
Panama,2006,7.4912
Eswatini,2006,0.9989
Latvia,2006,8.54
Ecuador,2006,30.9772
Northern Mariana Islands,2006,1.0E-4
Equatorial Guinea,2006,6.3863
Bahrain,2006,25.449
Czechia,2006,130.7913
Poland,2006,330.7509
Croatia,2006,23.0366
United Arab Emirates,2006,127.1972
Tonga,2006,0.1331
Estonia,2006,19.4325
Togo,2006,1.2217
Mexico,2006,463.9485
Uganda,2006,2.5786
Palau,2006,1.6978
Turkmenistan,2006,54.9589
Guam,2006,2.0E-4
Vanuatu,2006,0.0803
Slovenia,2006,17.9446
Paraguay,2006,4.116
Cambodia,2006,3.0079
Grenada,2006,0.0813
Solomon Islands,2006,0.2998
Mongolia,2006,12.7174
Mauritius,2006,3.3223
Cameroon,2006,5.5767
Norway,2006,44.012
Guatemala,2006,11.9282
Thailand,2007,237.863
Chad,2007,0.568
Philippines,2007,76.9611
Bulgaria,2007,57.6391
Burundi,2007,0.3728
United States,2007,5872.701
Trinidad and Tobago,2007,39.4233
Azerbaijan,2007,28.9209
Armenia,2007,5.1543
Grenada,2007,0.0905
Turks and Caicos Islands,2007,0.0525
Uruguay,2007,6.1176
Cuba,2007,27.6113
Bermuda,2007,0.2771
Guatemala,2007,12.6993
Romania,2007,107.0884
Guinea,2007,1.9398
Niger,2007,0.8705
Jordan,2007,21.3397
Panama,2007,7.478
Bosnia and Herzegovina,2007,19.7252
Cabo Verde,2007,0.749
Eswatini,2007,1.0324
Uzbekistan,2007,131.3948
Peru,2007,34.3741
Seychelles,2007,0.8675
Bhutan,2007,0.5773
Hungary,2007,59.1451
Austria,2007,75.4421
Mongolia,2007,13.2104
Australia,2007,400.701
Honduras,2007,8.667
Guam,2007,3.0E-4
Nigeria,2007,84.3848
Ecuador,2007,31.6539
Belize,2007,0.1684
Bahrain,2007,25.8519
Belgium,2007,112.9137
Tunisia,2007,24.9827
Dominica,2007,0.0756
Liberia,2007,0.6693
Algeria,2007,108.9161
Northern Mariana Islands,2007,1.0E-4
Nepal,2007,2.7919
Spain,2007,371.5076
Zimbabwe,2007,10.5677
Morocco,2007,46.0199
Mauritius,2007,3.4143
Nauru,2007,0.0
Czechia,2007,132.3365
Kuwait,2007,78.2246
Maldives,2007,0.878
Cyprus,2007,8.3089
Togo,2007,1.2179
Myanmar,2007,10.9238
Russian Federation,2007,1779.046
Iceland,2007,3.4751
Guyana,2007,1.607
Tonga,2007,0.1142
Equatorial Guinea,2007,7.1364
Cayman Islands,2007,0.2054
Zambia,2007,2.1887
Mauritania,2007,1.8808
Croatia,2007,24.5057
Japan,2007,1291.7352
Malta,2007,2.7234
Ireland,2007,46.9449
Gibraltar,2007,0.4218
Fiji,2007,1.7241
Jamaica,2007,12.2359
Malaysia,2007,204.8805
United Arab Emirates,2007,137.1441
Slovenia,2007,17.9355
American Samoa,2007,1.0E-4
Poland,2007,330.3011
Timor-Leste,2007,0.3133
Antigua and Barbuda,2007,0.2146
Estonia,2007,23.0337
Saudi Arabia,2007,387.8798
Malawi,2007,4.0794
Guinea-Bissau,2007,0.3073
Israel,2007,67.4164
El Salvador,2007,7.7786
Switzerland,2007,44.6163
Latvia,2007,8.9143
Greenland,2007,0.6153
Sierra Leone,2007,0.6672
Lebanon,2007,14.9481
Palau,2007,1.3837
Germany,2007,826.5971
Kazakhstan,2007,219.6055
Denmark,2007,53.8693
Benin,2007,4.3986
United Kingdom,2007,550.4176
Belarus,2007,61.0589
Sri Lanka,2007,14.124
Senegal,2007,6.2195
France,2007,389.8648
Mexico,2007,470.8833
China,2007,7522.0034
Papua New Guinea,2007,5.2839
Argentina,2007,173.0862
Luxembourg,2007,11.3417
Brunei Darussalam,2007,8.1844
Barbados,2007,0.6716
Kenya,2007,10.0006
Rwanda,2007,0.6778
Brazil,2007,393.1254
Ethiopia,2007,6.3513
Paraguay,2007,3.9111
Indonesia,2007,401.7934
Cameroon,2007,6.7369
Djibouti,2007,0.7502
Cambodia,2007,3.6974
Portugal,2007,61.3381
Sao Tome and Principe,2007,0.0978
Kiribati,2007,0.0616
New Zealand,2007,35.0899
Botswana,2007,4.4229
Solomon Islands,2007,0.3237
Tajikistan,2007,4.0503
Syrian Arab Republic,2007,65.0228
Georgia,2007,6.5959
Bangladesh,2007,46.2192
Colombia,2007,61.245
New Caledonia,2007,2.7917
Lesotho,2007,0.5358
Samoa,2007,0.2381
Turkmenistan,2007,60.7872
India,2007,1415.2655
Comoros,2007,0.1071
Madagascar,2007,1.8034
Singapore,2007,43.3583
Gabon,2007,5.1756
Uganda,2007,3.1093
French Polynesia,2007,0.9483
Haiti,2007,2.1838
Qatar,2007,56.1475
Afghanistan,2007,2.0642
Sweden,2007,52.8433
Central African Republic,2007,0.2682
Eritrea,2007,0.5301
Vanuatu,2007,0.131
Aruba,2007,0.4581
Dominican Republic,2007,20.7545
Namibia,2007,2.5986
Tuvalu,2007,0.0
Mali,2007,1.3521
Sudan,2007,14.4005
North Macedonia,2007,10.3612
Chile,2007,67.7521
Oman,2007,45.5705
Finland,2007,68.0689
Italy,2007,480.3222
Libya,2007,53.7459
Canada,2007,594.6475
Pakistan,2007,161.9646
Burkina Faso,2007,1.6344
Lithuania,2007,15.5684
Mozambique,2007,3.244
Angola,2007,17.0559
Greece,2007,106.0063
Albania,2007,4.246
Faroe Islands,2007,0.002
Suriname,2007,1.4148
Ghana,2007,9.1225
Iraq,2007,78.43
Ukraine,2007,367.7024
Marshall Islands,2007,1.0E-4
South Africa,2007,459.9521
Netherlands,2007,178.8628
Norway,2007,44.9058
Nicaragua,2007,4.8378
Costa Rica,2007,7.7137
Viet Nam,2007,114.314
Belize,2008,0.1628
Colombia,2008,61.1976
Denmark,2008,50.6018
Turks and Caicos Islands,2008,0.0588
Belgium,2008,114.2497
Aruba,2008,0.4545
Rwanda,2008,0.6778
Uruguay,2008,7.9164
Iceland,2008,3.7798
Botswana,2008,4.5094
Marshall Islands,2008,1.0E-4
Gabon,2008,5.5191
Malawi,2008,4.2838
Bermuda,2008,0.2789
United Kingdom,2008,533.9109
Albania,2008,4.195
Fiji,2008,1.2917
Saudi Arabia,2008,420.4933
Portugal,2008,59.2617
Jordan,2008,20.493
Guatemala,2008,11.5613
Brunei Darussalam,2008,8.9078
Ukraine,2008,352.2333
Burundi,2008,0.2207
Libya,2008,57.1434
Hungary,2008,57.8384
Kiribati,2008,0.0686
Greece,2008,101.836
Niger,2008,0.9102
Nepal,2008,3.0854
Afghanistan,2008,3.9029
Guam,2008,3.0E-4
Ireland,2008,46.2814
Dominican Republic,2008,20.7204
Malaysia,2008,216.128
Timor-Leste,2008,0.3109
Switzerland,2008,45.9807
Papua New Guinea,2008,5.102
Peru,2008,38.9946
Sudan,2008,15.3767
Cyprus,2008,8.4942
Cabo Verde,2008,0.7254
Comoros,2008,0.1066
Canada,2008,575.4179
Georgia,2008,5.681
Chad,2008,0.4847
Faroe Islands,2008,0.002
Grenada,2008,0.0989
Oman,2008,44.7282
Kazakhstan,2008,248.432
Belarus,2008,64.7655
Azerbaijan,2008,32.2309
El Salvador,2008,7.0905
Bosnia and Herzegovina,2008,21.6523
Honduras,2008,8.6651
Qatar,2008,61.8584
Nigeria,2008,91.5847
Liberia,2008,0.5606
Nauru,2008,0.0
Russian Federation,2008,1764.3555
Latvia,2008,8.4787
Maldives,2008,0.9559
Bulgaria,2008,54.5628
Jamaica,2008,9.8705
Sri Lanka,2008,13.3044
Antigua and Barbuda,2008,0.2311
Kuwait,2008,83.613
Israel,2008,67.7831
Tonga,2008,0.1237
Germany,2008,829.9111
Djibouti,2008,0.8069
Senegal,2008,6.4443
Zimbabwe,2008,8.3091
Ethiopia,2008,6.8646
Uzbekistan,2008,137.2899
Viet Nam,2008,125.7916
Lesotho,2008,0.4365
Solomon Islands,2008,0.3284
Haiti,2008,2.1633
Central African Republic,2008,0.2005
Algeria,2008,113.7088
Namibia,2008,2.9642
Turkmenistan,2008,61.9382
North Macedonia,2008,10.1423
Italy,2008,464.9772
Mali,2008,1.5615
Burkina Faso,2008,1.9003
South Africa,2008,487.9246
Ghana,2008,8.6514
Costa Rica,2008,7.6303
Philippines,2008,77.7622
Syrian Arab Republic,2008,66.6794
Guinea,2008,2.062
Armenia,2008,5.6485
Bahrain,2008,27.669
Panama,2008,7.2579
Romania,2008,105.3697
Dominica,2008,0.0736
United States,2008,5689.264
Morocco,2008,49.4716
Eswatini,2008,1.013
Cameroon,2008,7.0689
Austria,2008,75.2415
Cuba,2008,26.6685
Seychelles,2008,0.9212
Australia,2008,404.3323
Bhutan,2008,0.5797
Mongolia,2008,13.206
Ecuador,2008,32.6692
Togo,2008,1.5891
Tunisia,2008,25.4277
Spain,2008,340.1206
Mauritius,2008,3.4879
Northern Mariana Islands,2008,1.0E-4
Czechia,2008,126.1208
Cayman Islands,2008,0.2229
Myanmar,2008,8.3603
Japan,2008,1220.7653
Guyana,2008,1.6055
Croatia,2008,23.3221
Gibraltar,2008,0.4311
Malta,2008,2.7327
Mauritania,2008,2.1028
United Arab Emirates,2008,164.2519
Trinidad and Tobago,2008,38.6523
Estonia,2008,20.8808
Norway,2008,47.1048
Guinea-Bissau,2008,0.2916
Equatorial Guinea,2008,6.6067
Poland,2008,324.5779
American Samoa,2008,1.0E-4
Palau,2008,1.3978
Sierra Leone,2008,0.6468
Zambia,2008,2.6077
Lebanon,2008,18.3122
China,2008,7752.2236
Tajikistan,2008,3.7908
Luxembourg,2008,11.2126
France,2008,382.575
Argentina,2008,179.2241
Mexico,2008,472.3027
Barbados,2008,0.7921
Brazil,2008,412.7913
Indonesia,2008,397.2554
Benin,2008,4.3662
Cambodia,2008,4.0975
New Zealand,2008,36.1884
India,2008,1519.7704
New Caledonia,2008,2.6974
Paraguay,2008,4.5677
Bangladesh,2008,51.3301
Samoa,2008,0.2442
Sao Tome and Principe,2008,0.1047
Madagascar,2008,1.87
Kenya,2008,10.5703
French Polynesia,2008,0.9699
Sweden,2008,51.7125
Uganda,2008,3.4804
Thailand,2008,238.9694
Pakistan,2008,156.377
Chile,2008,71.324
Singapore,2008,42.9155
Greenland,2008,0.6323
Finland,2008,59.8279
Mozambique,2008,3.1494
Tuvalu,2008,0.0
Angola,2008,19.1195
Lithuania,2008,15.8313
Eritrea,2008,0.4631
Suriname,2008,1.4601
Slovenia,2008,18.8957
Iraq,2008,90.6714
Netherlands,2008,179.9447
Nicaragua,2008,4.6481
Vanuatu,2008,0.1287
Dominican Republic,2009,19.8411
Papua New Guinea,2009,4.9502
Denmark,2009,48.4089
United Kingdom,2009,483.4698
Peru,2009,41.9747
Dominica,2009,0.075
Paraguay,2009,4.7128
Djibouti,2009,0.7283
Turks and Caicos Islands,2009,0.0653
Belgium,2009,107.2918
Tonga,2009,0.1308
Bhutan,2009,0.8011
Azerbaijan,2009,27.9826
Syrian Arab Republic,2009,62.4091
Bahrain,2009,27.6556
Italy,2009,413.8068
Lesotho,2009,0.5122
Belarus,2009,61.6066
Israel,2009,67.0476
Liberia,2009,0.5226
Bosnia and Herzegovina,2009,21.6601
Kazakhstan,2009,224.4825
Jordan,2009,21.0617
Switzerland,2009,44.618
Ireland,2009,41.1735
Libya,2009,60.2666
Botswana,2009,4.1279
Iraq,2009,96.8504
Lithuania,2009,13.2105
Sweden,2009,46.9207
Benin,2009,4.6845
Kenya,2009,12.4742
Indonesia,2009,411.3491
Luxembourg,2009,10.6099
Brazil,2009,385.5933
India,2009,1621.1797
Madagascar,2009,1.7759
Tuvalu,2009,0.0
Zimbabwe,2009,7.9434
Suriname,2009,1.452
Iceland,2009,3.8274
Malawi,2009,4.1579
Albania,2009,4.2836
Brunei Darussalam,2009,8.0209
Sudan,2009,15.9281
Hungary,2009,51.7014
Malaysia,2009,197.9123
Honduras,2009,8.1702
Maldives,2009,0.9842
Bulgaria,2009,46.5361
Sri Lanka,2009,12.7772
Viet Nam,2009,140.8243
Haiti,2009,2.1233
Mali,2009,2.0073
Burkina Faso,2009,1.8421
Jamaica,2009,8.0493
Austria,2009,68.0602
Spain,2009,300.4025
Guyana,2009,1.629
Malta,2009,2.5185
Trinidad and Tobago,2009,37.4346
Guinea-Bissau,2009,0.3091
Marshall Islands,2009,1.0E-4
Burundi,2009,0.2224
Algeria,2009,116.0891
South Africa,2009,456.9459
Guinea,2009,2.1879
Zambia,2009,2.8749
Mauritania,2009,2.0973
Cabo Verde,2009,0.7081
Turkmenistan,2009,54.6299
Guatemala,2009,12.1995
Timor-Leste,2009,0.3372
Mauritius,2009,3.4382
Solomon Islands,2009,0.3279
Kuwait,2009,85.3214
Guam,2009,3.0E-4
Mexico,2009,461.5756
Cambodia,2009,4.8779
Uganda,2009,3.8307
Slovenia,2009,16.8896
Vanuatu,2009,0.1443
Grenada,2009,0.1063
Mongolia,2009,13.9287
Cameroon,2009,7.7138
Singapore,2009,43.7607
Greenland,2009,0.5504
Morocco,2009,48.9551
Greece,2009,96.2178
Canada,2009,542.7914
Mozambique,2009,3.403
Sierra Leone,2009,0.6527
American Samoa,2009,1.0E-4
Gibraltar,2009,0.4717
Myanmar,2009,7.7887
Cayman Islands,2009,0.2276
Australia,2009,410.3013
Seychelles,2009,1.0202
Lebanon,2009,21.5597
Ghana,2009,9.9181
Namibia,2009,3.0555
Central African Republic,2009,0.1956
Uzbekistan,2009,124.512
Senegal,2009,6.593
Germany,2009,768.1326
Nauru,2009,0.0
Chad,2009,0.4976
Georgia,2009,6.4713
Nepal,2009,4.064
Kiribati,2009,0.0581
Saudi Arabia,2009,444.0201
Gabon,2009,5.4491
Netherlands,2009,174.7536
Bermuda,2009,0.2447
Angola,2009,21.0889
Barbados,2009,0.7987
Chile,2009,68.2258
Ukraine,2009,292.2332
Sao Tome and Principe,2009,0.1146
French Polynesia,2009,0.9341
New Caledonia,2009,2.7123
Tajikistan,2009,3.05
China,2009,8319.164
France,2009,369.9379
New Zealand,2009,33.4165
Samoa,2009,0.2482
Finland,2009,57.0808
Belize,2009,0.1967
Nicaragua,2009,4.5454
Colombia,2009,65.3215
Bangladesh,2009,55.1298
Aruba,2009,0.4933
Rwanda,2009,0.6965
Uruguay,2009,7.8326
Fiji,2009,1.0635
Niger,2009,1.134
Comoros,2009,0.1327
Faroe Islands,2009,0.002
Nigeria,2009,80.9174
Russian Federation,2009,1662.1017
Antigua and Barbuda,2009,0.2667
Afghanistan,2009,6.1659
Ethiopia,2009,6.9098
North Macedonia,2009,9.1214
Costa Rica,2009,7.3188
Japan,2009,1157.495
Romania,2009,85.692
Eswatini,2009,1.0493
Northern Mariana Islands,2009,1.0E-4
Croatia,2009,21.6731
United Arab Emirates,2009,165.3369
Estonia,2009,17.4389
Norway,2009,45.1249
Qatar,2009,63.9748
United States,2009,5273.115
Eritrea,2009,0.4809
Oman,2009,47.1039
Cuba,2009,26.9425
Latvia,2009,7.7519
Portugal,2009,58.4903
Equatorial Guinea,2009,5.4778
Pakistan,2009,160.0753
Tunisia,2009,25.3652
Argentina,2009,164.8204
Cyprus,2009,8.2874
El Salvador,2009,6.8985
Palau,2009,2.1738
Poland,2009,311.3787
Czechia,2009,119.7126
Ecuador,2009,35.3903
Panama,2009,8.6753
Togo,2009,2.7107
Armenia,2009,4.502
Philippines,2009,78.6456
Thailand,2009,232.0176
United States,2010,5521.4995
Turks and Caicos Islands,2010,0.0733
Benin,2010,5.0815
Timor-Leste,2010,0.3344
Belize,2010,0.2333
Togo,2010,2.525
Belgium,2010,114.9031
Tonga,2010,0.1262
Bahrain,2010,28.8353
Italy,2010,423.6329
Lesotho,2010,0.5223
Belarus,2010,66.1204
Israel,2010,71.9452
Liberia,2010,0.7943
Jordan,2010,20.5883
Kazakhstan,2010,242.1984
Ireland,2010,40.9249
Libya,2010,63.6702
Iraq,2010,111.4935
Lithuania,2010,14.041
Kenya,2010,13.4828
Indonesia,2010,443.682
Luxembourg,2010,11.2134
India,2010,1730.0542
Madagascar,2010,1.9684
Iceland,2010,3.7364
Malawi,2010,4.4851
Albania,2010,4.567
Hungary,2010,52.3463
Malaysia,2010,215.5014
Honduras,2010,7.9832
Maldives,2010,1.0537
Viet Nam,2010,156.7839
Haiti,2010,2.5989
Mali,2010,1.9869
Guyana,2010,1.7612
Malta,2010,2.5947
Guinea-Bissau,2010,0.3138
Marshall Islands,2010,1.0E-4
Trinidad and Tobago,2010,41.0228
Algeria,2010,118.6168
Guinea,2010,2.5103
Mauritania,2010,2.1069
Guatemala,2010,11.7791
Zambia,2010,3.2126
Mauritius,2010,3.6757
Guam,2010,3.0E-4
Mexico,2010,476.9429
Kuwait,2010,86.8196
Vanuatu,2010,0.1549
Grenada,2010,0.1188
Mongolia,2010,14.9057
Greenland,2010,0.6428
Morocco,2010,52.0418
Greece,2010,89.0981
Mozambique,2010,3.6056
American Samoa,2010,1.0E-4
Gibraltar,2010,0.4748
Myanmar,2010,8.6324
Ghana,2010,11.128
Namibia,2010,2.6845
Uzbekistan,2010,135.8014
Germany,2010,814.962
Nauru,2010,0.0
Georgia,2010,6.3124
Nepal,2010,4.785
Gabon,2010,5.9582
Netherlands,2010,186.1211
Barbados,2010,0.8204
Angola,2010,22.7399
French Polynesia,2010,0.9897
New Caledonia,2010,3.5178
France,2010,377.2787
New Zealand,2010,33.4445
Finland,2010,65.8469
Uruguay,2010,6.4579
Nicaragua,2010,4.6711
Fiji,2010,1.6965
Niger,2010,1.4418
Zimbabwe,2010,10.0686
Faroe Islands,2010,0.002
Nigeria,2010,94.4036
Antigua and Barbuda,2010,0.2789
Ethiopia,2010,6.8811
North Macedonia,2010,9.1751
Japan,2010,1217.0641
Eswatini,2010,0.8556
Northern Mariana Islands,2010,1.0E-4
Estonia,2010,22.2156
Norway,2010,47.9849
Eritrea,2010,0.5168
Oman,2010,51.4932
Equatorial Guinea,2010,5.7159
Pakistan,2010,155.6566
Tunisia,2010,27.731
El Salvador,2010,6.7247
Palau,2010,2.1107
Argentina,2010,177.3162
Ecuador,2010,38.2529
Panama,2010,9.1798
Dominican Republic,2010,20.9277
Papua New Guinea,2010,4.2314
United Kingdom,2010,500.7484
Dominica,2010,0.0773
Paraguay,2010,5.2439
Lebanon,2010,20.6592
Djibouti,2010,0.8116
Peru,2010,45.8483
Denmark,2010,48.56
Philippines,2010,84.9688
Armenia,2010,4.2991
Czechia,2010,120.9946
Poland,2010,329.3834
Cyprus,2010,7.9141
Portugal,2010,53.2485
Latvia,2010,8.8799
Cuba,2010,28.1815
Qatar,2010,72.2126
United Arab Emirates,2010,171.9529
Croatia,2010,20.9405
Afghanistan,2010,7.8684
Romania,2010,83.3446
Costa Rica,2010,7.2362
Russian Federation,2010,1746.8969
Comoros,2010,0.1559
Rwanda,2010,0.7312
Bangladesh,2010,60.7693
Aruba,2010,0.4828
Colombia,2010,68.1511
Samoa,2010,0.2631
China,2010,9106.005
Sao Tome and Principe,2010,0.1236
Ukraine,2010,315.9087
Kiribati,2010,0.0611
Chile,2010,72.323
Saudi Arabia,2010,486.877
Chad,2010,0.5246
Senegal,2010,6.9781
Central African Republic,2010,0.1999
Seychelles,2010,0.917
Cayman Islands,2010,0.2472
Sierra Leone,2010,0.7103
Australia,2010,415.3195
Canada,2010,562.1099
Singapore,2010,48.8859
Cameroon,2010,7.828
Slovenia,2010,17.1608
Uganda,2010,3.7998
Cambodia,2010,5.1593
Solomon Islands,2010,0.3585
Cabo Verde,2010,0.7498
South Africa,2010,464.3532
Turkmenistan,2010,61.6532
Burundi,2010,0.3199
Spain,2010,287.7519
Jamaica,2010,7.6922
Austria,2010,73.7998
Burkina Faso,2010,1.9623
Sri Lanka,2010,13.5184
Bulgaria,2010,49.5094
Sudan,2010,16.9129
Tuvalu,2010,0.0
Brunei Darussalam,2010,7.3795
Suriname,2010,1.7497
Brazil,2010,439.9219
Sweden,2010,52.8835
Botswana,2010,3.3822
Switzerland,2010,46.3246
Bosnia and Herzegovina,2010,22.2176
Syrian Arab Republic,2010,62.6918
Azerbaijan,2010,26.6362
Bhutan,2010,0.905
Tajikistan,2010,3.071
Bermuda,2010,0.309
Thailand,2010,246.3596
Guam,2011,3.0E-4
Algeria,2011,124.8035
Fiji,2011,1.2454
Libya,2011,44.2373
Norway,2011,46.9389
Niger,2011,1.4738
Qatar,2011,83.1847
Australia,2011,412.862
Lesotho,2011,0.5442
Ireland,2011,37.144
Zambia,2011,3.4572
Sudan,2011,16.2393
Bulgaria,2011,54.7842
Mexico,2011,486.535
Jamaica,2011,7.6033
Latvia,2011,8.2334
United Arab Emirates,2011,177.2572
Bahrain,2011,29.0035
Estonia,2011,22.3356
Greenland,2011,0.6829
Italy,2011,414.5041
Turkmenistan,2011,66.14
Tunisia,2011,26.2639
Cambodia,2011,5.3651
Austria,2011,72.1872
Sao Tome and Principe,2011,0.1273
Suriname,2011,1.9566
Central African Republic,2011,0.2175
Grenada,2011,0.0919
Bermuda,2011,0.1534
Kenya,2011,13.8759
Belarus,2011,62.961
French Polynesia,2011,0.9571
Croatia,2011,20.4541
Comoros,2011,0.1408
Tuvalu,2011,0.0
Pakistan,2011,155.2393
United States,2011,5307.629
Chad,2011,0.6836
Hungary,2011,51.4367
New Caledonia,2011,3.545
Syrian Arab Republic,2011,58.6181
Bangladesh,2011,65.3074
Faroe Islands,2011,0.002
Mozambique,2011,4.2489
Belgium,2011,104.4948
Tonga,2011,0.12
Turks and Caicos Islands,2011,0.0559
Nigeria,2011,104.0217
Uganda,2011,4.2628
Brunei Darussalam,2011,7.8612
Malaysia,2011,218.2727
Sierra Leone,2011,0.8684
Northern Mariana Islands,2011,1.0E-4
Eswatini,2011,0.8194
Sri Lanka,2011,15.908
Russian Federation,2011,1832.6123
Mauritius,2011,3.6565
Poland,2011,326.9383
Namibia,2011,2.8464
United Kingdom,2011,459.2066
Romania,2011,89.8189
Ghana,2011,11.9922
Kuwait,2011,91.8746
Burundi,2011,0.4154
Vanuatu,2011,0.1797
Panama,2011,9.9976
Japan,2011,1269.8896
Bhutan,2011,1.1062
Thailand,2011,246.7462
Azerbaijan,2011,29.4692
Guatemala,2011,12.1427
El Salvador,2011,7.0233
Equatorial Guinea,2011,5.9609
Slovenia,2011,16.0793
Denmark,2011,43.4849
Ethiopia,2011,7.9585
Armenia,2011,4.9041
Antigua and Barbuda,2011,0.2128
Gabon,2011,5.82
North Macedonia,2011,10.2439
Guinea-Bissau,2011,0.3184
Barbados,2011,0.6789
Switzerland,2011,42.2875
Georgia,2011,7.5848
Indonesia,2011,499.9362
Marshall Islands,2011,1.0E-4
Canada,2011,575.7827
Costa Rica,2011,7.6984
Viet Nam,2011,156.7664
Palau,2011,2.3697
Luxembourg,2011,11.0901
Nauru,2011,0.0
Singapore,2011,51.3367
Iraq,2011,115.9065
American Samoa,2011,1.0E-4
Seychelles,2011,0.7817
Germany,2011,788.1211
China,2011,9955.748
Iceland,2011,3.6038
South Africa,2011,443.9719
Malawi,2011,5.7394
France,2011,363.6897
Cabo Verde,2011,0.8717
Zimbabwe,2011,15.8494
Guinea,2011,2.6535
Solomon Islands,2011,0.3728
Portugal,2011,51.3977
Brazil,2011,463.643
Netherlands,2011,174.0725
New Zealand,2011,32.7107
Mali,2011,2.1656
Kazakhstan,2011,262.6296
Mauritania,2011,2.265
Albania,2011,5.0007
Samoa,2011,0.2677
Lithuania,2011,14.3203
Senegal,2011,7.479
Dominican Republic,2011,21.1274
Madagascar,2011,2.2944
Bosnia and Herzegovina,2011,25.2681
Uruguay,2011,7.7873
Burkina Faso,2011,2.2171
Cayman Islands,2011,0.1996
India,2011,1845.6437
Timor-Leste,2011,0.3708
Myanmar,2011,9.1725
Spain,2011,289.521
Gibraltar,2011,0.4592
Haiti,2011,2.9444
Cameroon,2011,7.4295
Philippines,2011,84.5875
Dominica,2011,0.0595
Paraguay,2011,5.451
Finland,2011,58.2223
Angola,2011,23.6501
Nicaragua,2011,4.8816
Colombia,2011,73.1683
Liberia,2011,0.8855
Botswana,2011,4.0133
Lebanon,2011,20.9822
Nepal,2011,5.3607
Israel,2011,71.1392
Chile,2011,79.0753
Belize,2011,0.15
Guyana,2011,1.8334
Benin,2011,4.9611
Morocco,2011,56.2785
Aruba,2011,0.2907
Ecuador,2011,38.3188
Argentina,2011,184.8342
Malta,2011,2.5818
Peru,2011,49.1793
Cuba,2011,27.7479
Jordan,2011,21.0139
Ukraine,2011,333.3052
Togo,2011,2.3171
Papua New Guinea,2011,4.4692
Tajikistan,2011,3.0824
Honduras,2011,9.491
Cyprus,2011,7.6571
Saudi Arabia,2011,509.215
Oman,2011,59.7411
Eritrea,2011,0.6166
Sweden,2011,48.4621
Rwanda,2011,0.7618
Maldives,2011,1.1443
Afghanistan,2011,11.5231
Uzbekistan,2011,138.6782
Trinidad and Tobago,2011,41.2563
Djibouti,2011,0.6271
Greece,2011,86.1447
Czechia,2011,118.1188
Kiribati,2011,0.057
Mongolia,2011,16.236
Costa Rica,2012,7.6394
Nepal,2012,6.2251
Canada,2012,567.184
Palau,2012,3.6039
Sri Lanka,2012,17.8941
Chad,2012,1.2091
Georgia,2012,8.2738
Dominica,2012,0.0543
Peru,2012,49.1215
Tajikistan,2012,3.5021
Lithuania,2012,14.4911
Sudan,2012,17.5247
South Africa,2012,461.2756
Suriname,2012,2.4449
Mozambique,2012,4.7019
Nauru,2012,0.0
Mali,2012,2.2712
Germany,2012,800.0321
Bermuda,2012,0.1777
Senegal,2012,7.3641
Poland,2012,319.7269
Haiti,2012,2.7586
Sweden,2012,45.7287
Australia,2012,413.3728
Uzbekistan,2012,123.1859
Kenya,2012,12.8926
Central African Republic,2012,0.2211
Trinidad and Tobago,2012,38.0759
Sierra Leone,2012,0.9744
Namibia,2012,2.9916
Ghana,2012,14.4756
Solomon Islands,2012,0.3719
Turkmenistan,2012,68.2977
Indonesia,2012,504.2572
Luxembourg,2012,10.8679
Viet Nam,2012,156.2243
Seychelles,2012,0.8866
American Samoa,2012,1.0E-4
Brazil,2012,497.9036
Portugal,2012,49.7787
Madagascar,2012,2.8507
India,2012,2015.2876
Cayman Islands,2012,0.191
Myanmar,2012,12.5577
Gibraltar,2012,0.4686
Paraguay,2012,5.4123
Philippines,2012,89.5021
Hungary,2012,47.6527
Honduras,2012,9.9296
United Arab Emirates,2012,185.0103
Vanuatu,2012,0.1477
Jamaica,2012,7.014
Cuba,2012,28.8886
Pakistan,2012,157.11
Oman,2012,67.4368
Eritrea,2012,0.6343
Guam,2012,3.0E-4
Djibouti,2012,0.796
Togo,2012,2.2462
Norway,2012,46.3897
Qatar,2012,92.3214
Maldives,2012,1.4422
Belize,2012,0.1629
Estonia,2012,21.2301
Mexico,2012,506.2322
Latvia,2012,8.0274
Cambodia,2012,5.6329
Zimbabwe,2012,12.7437
Italy,2012,394.4537
Tuvalu,2012,0.0
Bulgaria,2012,49.9165
Croatia,2012,18.7872
United States,2012,5087.711
Cabo Verde,2012,0.748
Belgium,2012,103.0142
Northern Mariana Islands,2012,1.0E-4
Eswatini,2012,0.811
Burundi,2012,0.3993
Uganda,2012,4.329
Panama,2012,10.4475
Tonga,2012,0.1182
Romania,2012,87.6338
Benin,2012,4.7249
Bhutan,2012,1.0551
Afghanistan,2012,9.8844
Belarus,2012,64.269
Armenia,2012,5.6696
El Salvador,2012,6.9977
Marshall Islands,2012,1.0E-4
Antigua and Barbuda,2012,0.2268
Denmark,2012,38.5966
Slovenia,2012,15.517
North Macedonia,2012,9.6203
Ethiopia,2012,8.9861
Guinea-Bissau,2012,0.3202
Azerbaijan,2012,32.2811
Japan,2012,1308.4016
Russian Federation,2012,1819.802
Brunei Darussalam,2012,7.6224
Malaysia,2012,219.7969
Bangladesh,2012,69.872
Equatorial Guinea,2012,5.61
Nigeria,2012,102.2558
Faroe Islands,2012,0.002
Syrian Arab Republic,2012,46.2477
Grenada,2012,0.0951
Comoros,2012,0.1454
Papua New Guinea,2012,4.2609
Zambia,2012,4.3193
Niger,2012,2.0551
Fiji,2012,1.2052
Czechia,2012,114.029
Lesotho,2012,0.5764
Mongolia,2012,17.6595
Rwanda,2012,0.8472
Malta,2012,2.7244
Jordan,2012,24.5322
Turks and Caicos Islands,2012,0.058
Kuwait,2012,91.9634
Ecuador,2012,38.661
Aruba,2012,0.3754
Israel,2012,77.5898
Guyana,2012,2.0026
Colombia,2012,73.6027
Bahrain,2012,30.2164
Nicaragua,2012,4.8471
Finland,2012,52.3267
Liberia,2012,0.9771
Spain,2012,284.9722
Uruguay,2012,8.8815
Cameroon,2012,7.5111
Cyprus,2012,7.1222
Bosnia and Herzegovina,2012,23.3108
Albania,2012,4.5385
Samoa,2012,0.2681
Mauritania,2012,2.5265
Guatemala,2012,12.5792
Kazakhstan,2012,258.8083
New Zealand,2012,34.7866
Malawi,2012,5.683
Dominican Republic,2012,21.8849
Lebanon,2012,23.4369
China,2012,10270.741
Singapore,2012,50.1515
France,2012,365.0236
Guinea,2012,2.5111
Iceland,2012,3.6451
Switzerland,2012,43.6002
Angola,2012,24.7162
Thailand,2012,264.8041
Algeria,2012,140.2699
Greenland,2012,0.5389
Mauritius,2012,3.7437
New Caledonia,2012,3.5674
Kiribati,2012,0.0558
Ireland,2012,37.6022
Sao Tome and Principe,2012,0.1328
French Polynesia,2012,0.9246
Argentina,2012,188.8365
Austria,2012,69.0207
Ukraine,2012,324.9176
Libya,2012,62.8561
Timor-Leste,2012,0.6288
Tunisia,2012,28.2414
Chile,2012,81.3485
Morocco,2012,58.5497
United Kingdom,2012,481.3898
Netherlands,2012,171.6019
Gabon,2012,5.89
Iraq,2012,133.0448
Barbados,2012,0.6436
Saudi Arabia,2012,539.3427
Burkina Faso,2012,2.5815
Greece,2012,81.555
Botswana,2012,3.5247
Oman,2013,70.6326
Guam,2013,3.0E-4
Bermuda,2013,0.198
Malaysia,2013,237.1554
Zambia,2013,4.7358
Cuba,2013,29.0223
Israel,2013,68.288
Tuvalu,2013,0.0
Sri Lanka,2013,14.837
Ukraine,2013,315.2748
Philippines,2013,97.4869
Burkina Faso,2013,3.0405
Aruba,2013,0.4128
Vanuatu,2013,0.151
Haiti,2013,2.9774
Chad,2013,1.3153
United Arab Emirates,2013,195.0534
Honduras,2013,10.1202
Ecuador,2013,41.1583
Kuwait,2013,93.8744
Guyana,2013,1.9774
Colombia,2013,83.6349
French Polynesia,2013,0.9938
Paraguay,2013,5.641
Sweden,2013,43.9685
Nicaragua,2013,4.6389
Austria,2013,69.6088
Sudan,2013,17.6235
Belarus,2013,64.4295
Libya,2013,62.6092
Finland,2013,53.3313
Benin,2013,4.9707
Timor-Leste,2013,0.7585
Gibraltar,2013,0.4998
Barbados,2013,0.7307
Liberia,2013,0.9074
Saudi Arabia,2013,547.1964
Cayman Islands,2013,0.2167
Poland,2013,315.0899
Uruguay,2013,7.6589
Spain,2013,256.3568
Lebanon,2013,23.1046
Cameroon,2013,8.1791
Chile,2013,85.4109
Thailand,2013,275.9576
Pakistan,2013,160.7989
Botswana,2013,5.5218
Bosnia and Herzegovina,2013,23.2132
Dominican Republic,2013,21.4839
Albania,2013,4.7703
Australia,2013,405.7424
Myanmar,2013,14.2206
Greece,2013,73.8775
Samoa,2013,0.2788
Morocco,2013,58.4924
Portugal,2013,48.1388
Guatemala,2013,13.5353
Peru,2013,50.3235
Cyprus,2013,6.4407
United Kingdom,2013,470.2197
New Zealand,2013,34.5807
Malawi,2013,5.0231
Tunisia,2013,28.219
Madagascar,2013,3.0496
Iceland,2013,3.7106
Bahrain,2013,32.1308
Brazil,2013,523.4755
Kazakhstan,2013,276.1147
India,2013,2072.6255
Kiribati,2013,0.0601
American Samoa,2013,1.0E-4
Armenia,2013,5.4929
Viet Nam,2013,163.1599
Suriname,2013,2.2883
Singapore,2013,52.6259
Mauritius,2013,3.8572
China,2013,10760.43
Senegal,2013,7.8409
Seychelles,2013,0.8023
Iraq,2013,144.4102
Dominica,2013,0.0599
France,2013,360.1587
Turks and Caicos Islands,2013,0.0671
Luxembourg,2013,10.3236
Belize,2013,0.2057
Guinea,2013,2.2699
Switzerland,2013,44.6067
Netherlands,2013,169.3558
Turkmenistan,2013,65.2746
Slovenia,2013,15.511
Antigua and Barbuda,2013,0.2598
Afghanistan,2013,8.4287
Costa Rica,2013,7.9353
Azerbaijan,2013,33.2118
Greenland,2013,0.5374
Ghana,2013,15.3977
Marshall Islands,2013,1.0E-4
North Macedonia,2013,8.7967
Angola,2013,28.5343
Bangladesh,2013,72.0796
Cabo Verde,2013,0.7315
Hungary,2013,44.7966
Canada,2013,575.2149
Ethiopia,2013,10.4416
Germany,2013,817.8158
El Salvador,2013,6.635
Bhutan,2013,1.1068
Namibia,2013,3.1042
Latvia,2013,7.7794
Tonga,2013,0.1194
Ireland,2013,36.3338
Uganda,2013,4.4114
Romania,2013,79.5312
Denmark,2013,40.3352
Brunei Darussalam,2013,7.7892
Jordan,2013,24.0985
Eswatini,2013,0.9627
Nauru,2013,0.0
Russian Federation,2013,1764.2472
Guinea-Bissau,2013,0.3295
Mali,2013,2.7412
Palau,2013,1.8243
Northern Mariana Islands,2013,1.0E-4
Syrian Arab Republic,2013,31.195
New Caledonia,2013,3.9255
Burundi,2013,0.4522
Gabon,2013,6.0777
Nigeria,2013,114.6095
Indonesia,2013,474.9651
Panama,2013,10.2623
Belgium,2013,104.3595
Zimbabwe,2013,12.7188
Faroe Islands,2013,0.002
Algeria,2013,145.7286
Tajikistan,2013,3.5939
Trinidad and Tobago,2013,37.331
Sierra Leone,2013,1.1227
Mexico,2013,494.0171
Grenada,2013,0.1226
Lithuania,2013,13.3644
United States,2013,5224.709
Comoros,2013,0.1746
Central African Republic,2013,0.1488
Bulgaria,2013,44.452
Croatia,2013,18.3813
Cambodia,2013,5.6951
Maldives,2013,1.6213
Georgia,2013,9.1493
Estonia,2013,23.6366
Japan,2013,1323.4899
Equatorial Guinea,2013,5.7233
Italy,2013,361.7143
Qatar,2013,102.1334
Czechia,2013,109.5328
Sao Tome and Principe,2013,0.1334
Jamaica,2013,7.4837
Niger,2013,2.0371
Solomon Islands,2013,0.3931
Togo,2013,1.9314
Norway,2013,46.8777
Mozambique,2013,5.1174
Fiji,2013,1.3731
Mauritania,2013,2.3153
Papua New Guinea,2013,4.5767
Argentina,2013,193.179
Kenya,2013,13.8937
Lesotho,2013,0.5811
South Africa,2013,475.0891
Djibouti,2013,0.8754
Malta,2013,2.3827
Mongolia,2013,19.1791
Eritrea,2013,0.5936
Nepal,2013,6.2963
Rwanda,2013,0.9431
Uzbekistan,2013,121.417
Malaysia,2014,251.3897
Algeria,2014,155.033
Honduras,2014,9.9347
Pakistan,2014,169.2027
Mauritania,2014,2.6827
Guinea,2014,2.3734
South Africa,2014,486.6007
Zimbabwe,2014,12.6001
Burundi,2014,0.4055
Marshall Islands,2014,1.0E-4
Guinea-Bissau,2014,0.3412
Bulgaria,2014,47.315
Malta,2014,2.3694
Spain,2014,255.241
Equatorial Guinea,2014,5.7179
Austria,2014,65.9262
Benin,2014,5.4598
Guyana,2014,2.0651
Maldives,2014,2.1931
Lebanon,2014,24.9694
Sri Lanka,2014,17.8805
Burkina Faso,2014,2.7537
Mali,2014,2.9109
Haiti,2014,3.2283
Tajikistan,2014,4.7682
Viet Nam,2014,178.9422
Portugal,2014,47.6708
Paraguay,2014,5.9499
United Arab Emirates,2014,198.1138
Belarus,2014,63.9709
Cuba,2014,26.9056
Philippines,2014,104.0134
Djibouti,2014,0.8835
Oman,2014,75.0283
Eritrea,2014,0.5956
Dominican Republic,2014,21.701
Norway,2014,46.9905
Qatar,2014,110.7647
Togo,2014,1.7347
United Kingdom,2014,430.6573
Estonia,2014,22.7514
Croatia,2014,17.6771
Belize,2014,0.2045
Belgium,2014,97.7801
United States,2014,5243.772
Panama,2014,10.7719
Northern Mariana Islands,2014,1.0E-4
Eswatini,2014,0.9829
Romania,2014,78.9902
Bangladesh,2014,76.6542
Bhutan,2014,1.1293
Antigua and Barbuda,2014,0.2797
Latvia,2014,7.5739
Tonga,2014,0.1318
Costa Rica,2014,8.0462
Azerbaijan,2014,34.7247
North Macedonia,2014,8.3515
Ethiopia,2014,12.4047
Russian Federation,2014,1750.1989
Denmark,2014,36.1972
Syrian Arab Republic,2014,30.9873
Nigeria,2014,122.7261
Faroe Islands,2014,0.002
Comoros,2014,0.1545
Czechia,2014,107.2391
Thailand,2014,272.5228
Japan,2014,1273.5698
Niger,2014,2.202
Fiji,2014,1.5599
Lesotho,2014,0.5991
Rwanda,2014,0.9592
Israel,2014,65.9245
Aruba,2014,0.4411
Nicaragua,2014,4.9091
Colombia,2014,84.9188
Finland,2014,49.4416
Ecuador,2014,43.4594
Liberia,2014,1.1822
Uruguay,2014,6.7334
Samoa,2014,0.2865
Papua New Guinea,2014,5.5379
Bosnia and Herzegovina,2014,20.7957
New Zealand,2014,35.2908
Kazakhstan,2014,233.0134
China,2014,10881.1045
France,2014,326.9509
Switzerland,2014,40.8955
Angola,2014,30.8873
Ireland,2014,36.1391
Argentina,2014,190.0264
New Caledonia,2014,4.7896
Sao Tome and Principe,2014,0.1316
Ukraine,2014,269.3299
French Polynesia,2014,0.9835
Libya,2014,61.8002
Chile,2014,78.7046
Kiribati,2014,0.0607
Iraq,2014,138.288
Netherlands,2014,161.7631
Gabon,2014,6.2671
Afghanistan,2014,7.9588
Bermuda,2014,0.272
Saudi Arabia,2014,585.9278
Palau,2014,1.2677
Botswana,2014,7.1481
Nepal,2014,7.3524
Chad,2014,1.4041
Georgia,2014,9.8404
Barbados,2014,0.667
Lithuania,2014,13.2117
Nauru,2014,0.0
Kenya,2014,15.7052
Germany,2014,778.7527
Senegal,2014,8.3827
Sweden,2014,42.7792
Poland,2014,302.5703
Uzbekistan,2014,113.1595
Central African Republic,2014,0.1617
Indonesia,2014,505.0762
Namibia,2014,3.206
Ghana,2014,14.8352
Turkmenistan,2014,63.2168
Luxembourg,2014,9.8199
Seychelles,2014,0.9261
India,2014,2237.6648
Turks and Caicos Islands,2014,0.076
Armenia,2014,5.7607
Brazil,2014,546.4394
Myanmar,2014,17.7423
Cayman Islands,2014,0.2321
Gibraltar,2014,0.5373
Peru,2014,53.2525
American Samoa,2014,1.0E-4
Madagascar,2014,3.1337
Mozambique,2014,5.7908
Jordan,2014,25.8395
Sierra Leone,2014,1.207
Suriname,2014,2.6212
Italy,2014,342.9756
Australia,2014,396.4423
Canada,2014,580.3198
Zambia,2014,5.5061
Greece,2014,71.0085
Bahrain,2014,33.2899
Kuwait,2014,92.3325
Iceland,2014,3.4639
Tunisia,2014,30.2046
Morocco,2014,59.4626
Singapore,2014,53.8631
Greenland,2014,0.4808
Cyprus,2014,6.8173
Malawi,2014,4.9718
Uganda,2014,4.8524
Albania,2014,5.1022
Cameroon,2014,8.8705
Hungary,2014,44.8322
Mongolia,2014,19.5303
Grenada,2014,0.11
Brunei Darussalam,2014,8.1068
Slovenia,2014,14.126
El Salvador,2014,6.8145
Mexico,2014,480.9122
Cambodia,2014,7.0334
Timor-Leste,2014,0.7441
Guam,2014,2.0E-4
Tuvalu,2014,0.0
Vanuatu,2014,0.1753
Sudan,2014,18.516
Solomon Islands,2014,0.3745
Dominica,2014,0.0669
Mauritius,2014,3.9905
Jamaica,2014,7.2146
Guatemala,2014,14.5357
Cabo Verde,2014,0.7741
Trinidad and Tobago,2014,37.2008
Portugal,2015,51.7215
Chad,2015,1.6134
Botswana,2015,7.091
Nepal,2015,7.3221
Italy,2015,353.7401
Viet Nam,2015,200.8183
Kiribati,2015,0.0623
Palau,2015,1.1954
Saudi Arabia,2015,611.4483
Maldives,2015,1.5884
Greece,2015,69.4522
Gabon,2015,6.4413
Netherlands,2015,169.3542
Iceland,2015,3.6292
Haiti,2015,3.494
Kuwait,2015,95.5891
South Africa,2015,462.2677
Iraq,2015,137.9041
Solomon Islands,2015,0.3336
Libya,2015,54.4819
Guinea,2015,2.8673
Morocco,2015,61.1459
Mali,2015,3.5312
French Polynesia,2015,1.0058
Bermuda,2015,0.2307
Chile,2015,84.3798
Ukraine,2015,226.107
Sao Tome and Principe,2015,0.1407
New Caledonia,2015,4.5637
Angola,2015,33.0865
Argentina,2015,196.1938
France,2015,332.1533
Switzerland,2015,40.2217
China,2015,10749.896
Burkina Faso,2015,3.9361
Singapore,2015,55.1746
Cyprus,2015,6.8562
Ireland,2015,37.648
Kazakhstan,2015,202.7539
Mauritania,2015,2.757
Papua New Guinea,2015,5.9739
Aruba,2015,0.4625
Greenland,2015,0.5188
Honduras,2015,10.8188
Sri Lanka,2015,19.7111
Malawi,2015,4.909
Bosnia and Herzegovina,2015,20.8309
Uganda,2015,5.5954
Benin,2015,5.8104
Samoa,2015,0.3288
Denmark,2015,34.0712
New Zealand,2015,35.3887
Equatorial Guinea,2015,5.4069
Liberia,2015,1.233
Cameroon,2015,9.1854
Guyana,2015,2.0746
Ecuador,2015,43.2759
Uruguay,2015,6.8951
Finland,2015,45.9758
Albania,2015,4.8756
Hungary,2015,47.541
Turks and Caicos Islands,2015,0.08
Colombia,2015,86.2165
Nicaragua,2015,5.4971
Austria,2015,67.3632
Israel,2015,67.9917
Rwanda,2015,1.1072
Mongolia,2015,18.0259
Spain,2015,271.5397
Lesotho,2015,0.5966
Japan,2015,1232.5762
Fiji,2015,1.6172
Niger,2015,2.1698
Faroe Islands,2015,0.002
Comoros,2015,0.1712
Czechia,2015,108.2916
Malaysia,2015,252.8595
Grenada,2015,0.1171
Dominican Republic,2015,23.8738
Latvia,2015,7.648
Russian Federation,2015,1757.1139
Nigeria,2015,118.4539
Syrian Arab Republic,2015,28.1357
Thailand,2015,281.4677
Guatemala,2015,16.9576
Turkmenistan,2015,67.9108
Ethiopia,2015,13.5098
North Macedonia,2015,7.9328
Azerbaijan,2015,34.5229
Malta,2015,1.6722
Slovenia,2015,14.2949
Costa Rica,2015,7.7578
Brunei Darussalam,2015,7.3653
Tonga,2015,0.1347
Antigua and Barbuda,2015,0.291
Bhutan,2015,1.3096
Romania,2015,80.304
Eswatini,2015,0.9809
Northern Mariana Islands,2015,1.0E-4
Timor-Leste,2015,0.6952
Belize,2015,0.2472
Lebanon,2015,26.9054
Mexico,2015,490.4272
Bulgaria,2015,49.8572
Jamaica,2015,7.1067
United States,2015,5132.984
Belgium,2015,102.4165
Croatia,2015,18.0245
El Salvador,2015,7.2649
Cambodia,2015,8.5196
Guinea-Bissau,2015,0.3625
Panama,2015,10.6313
Bangladesh,2015,85.4452
United Kingdom,2015,415.8847
Pakistan,2015,178.2841
Estonia,2015,21.0222
Togo,2015,1.546
Qatar,2015,114.0841
Norway,2015,47.9542
Eritrea,2015,0.5776
Oman,2015,79.3244
Cabo Verde,2015,0.7908
Guam,2015,2.0E-4
Philippines,2015,113.1874
Cuba,2015,29.4411
Algeria,2015,164.5785
Tuvalu,2015,0.0
Djibouti,2015,0.8163
Paraguay,2015,6.661
Marshall Islands,2015,1.0E-4
Zambia,2015,5.848
Vanuatu,2015,0.1592
Gibraltar,2015,0.5872
Tajikistan,2015,5.0917
Cayman Islands,2015,0.2509
Brazil,2015,517.9408
Myanmar,2015,19.7406
Armenia,2015,5.6172
American Samoa,2015,1.0E-4
United Arab Emirates,2015,206.8519
India,2015,2278.2295
Seychelles,2015,0.9868
Luxembourg,2015,9.3094
Peru,2015,54.9014
Bahrain,2015,33.4691
Sudan,2015,21.5583
Madagascar,2015,3.4183
Ghana,2015,15.6106
Mozambique,2015,6.4582
Belarus,2015,59.1683
Trinidad and Tobago,2015,36.7586
Namibia,2015,3.5661
Tunisia,2015,30.7211
Indonesia,2015,512.3973
Burundi,2015,0.435
Sierra Leone,2015,1.0224
Central African Republic,2015,0.2334
Suriname,2015,2.7261
Afghanistan,2015,8.4272
Poland,2015,305.7942
Jordan,2015,25.6334
Dominica,2015,0.0724
Uzbekistan,2015,107.5503
Zimbabwe,2015,12.6919
Germany,2015,784.9143
Mauritius,2015,3.9907
Australia,2015,400.6316
Sweden,2015,42.9009
Senegal,2015,9.2184
Nauru,2015,0.0
Kenya,2015,17.0005
Lithuania,2015,13.6606
Barbados,2015,0.7195
Georgia,2015,10.647
Canada,2015,574.3793
Dominican Republic,2016,24.8714
United Kingdom,2016,391.8614
Tunisia,2016,29.8618
Philippines,2016,121.2972
Turkmenistan,2016,67.2897
Panama,2016,10.6644
Czechia,2016,109.8148
Ecuador,2016,42.0681
Argentina,2016,194.1404
Palau,2016,1.1444
Poland,2016,316.728
Armenia,2016,5.3749
Cyprus,2016,7.2219
El Salvador,2016,7.3283
Pakistan,2016,196.7976
Equatorial Guinea,2016,5.3893
Portugal,2016,50.523
United Arab Emirates,2016,212.4305
Cuba,2016,27.3043
Tajikistan,2016,5.7155
Oman,2016,80.628
Eritrea,2016,0.5972
Norway,2016,47.3711
Qatar,2016,114.0546
Bangladesh,2016,93.9921
Estonia,2016,20.5878
Croatia,2016,18.2746
United States,2016,5028.952
Northern Mariana Islands,2016,1.0E-4
Eswatini,2016,1.0469
Romania,2016,78.7065
Antigua and Barbuda,2016,0.3149
Zimbabwe,2016,11.2687
Costa Rica,2016,8.2325
North Macedonia,2016,7.6209
Ethiopia,2016,16.0312
Nigeria,2016,123.4796
Russian Federation,2016,1734.6382
Latvia,2016,7.4806
Comoros,2016,0.2004
Faroe Islands,2016,0.002
Niger,2016,2.1674
Fiji,2016,1.5925
Japan,2016,1228.6537
Rwanda,2016,1.2106
Nicaragua,2016,5.7223
Turks and Caicos Islands,2016,0.0881
Colombia,2016,88.4935
Finland,2016,48.8071
Uruguay,2016,6.8292
New Zealand,2016,34.7426
Belize,2016,0.2608
Samoa,2016,0.3542
Aruba,2016,0.4854
Jordan,2016,25.2353
China,2016,10773.726
France,2016,334.7732
Angola,2016,31.2748
New Caledonia,2016,4.8748
Sao Tome and Principe,2016,0.1464
Ukraine,2016,227.2461
Bermuda,2016,0.3117
Chile,2016,88.8653
French Polynesia,2016,1.0079
Netherlands,2016,170.7937
Gabon,2016,6.559
Saudi Arabia,2016,609.5099
Kiribati,2016,0.0678
Nepal,2016,10.764
Chad,2016,1.6907
Georgia,2016,11.0252
Nauru,2016,0.0
Senegal,2016,10.2971
Germany,2016,789.2489
Barbados,2016,0.7728
Central African Republic,2016,0.2515
Namibia,2016,3.8987
Zambia,2016,6.3266
Ghana,2016,16.04
Belarus,2016,59.0629
Uzbekistan,2016,114.0078
Seychelles,2016,1.1003
American Samoa,2016,1.0E-4
Myanmar,2016,22.9806
Cayman Islands,2016,0.2632
Gibraltar,2016,0.6123
Bahrain,2016,33.4571
Kuwait,2016,98.4
Mozambique,2016,8.3319
Sierra Leone,2016,1.0587
Australia,2016,408.6132
Canada,2016,574.0983
Greece,2016,68.1612
Morocco,2016,61.011
Singapore,2016,52.9724
Greenland,2016,0.5159
Uganda,2016,6.0018
Cameroon,2016,9.7014
Mongolia,2016,19.1168
Grenada,2016,0.1276
Timor-Leste,2016,0.6609
Slovenia,2016,15.0187
Jamaica,2016,7.6254
Mexico,2016,496.4682
Cambodia,2016,10.5961
Guam,2016,3.0E-4
Vanuatu,2016,0.1659
Trinidad and Tobago,2016,33.7186
Mauritius,2016,4.0649
Solomon Islands,2016,0.3236
Guatemala,2016,18.0238
Cabo Verde,2016,0.8304
Algeria,2016,160.7458
Mauritania,2016,2.6247
South Africa,2016,460.1959
Guinea,2016,3.2295
Burundi,2016,0.4859
Marshall Islands,2016,1.0E-4
Guinea-Bissau,2016,0.3788
Malta,2016,1.3655
Spain,2016,263.0479
Guyana,2016,2.4564
Burkina Faso,2016,3.9314
Benin,2016,7.1473
Mali,2016,4.5795
Haiti,2016,3.578
Maldives,2016,1.7341
Sri Lanka,2016,23.486
Austria,2016,67.7745
Lebanon,2016,27.8657
Bulgaria,2016,47.1301
Honduras,2016,9.7321
Viet Nam,2016,223.8051
Albania,2016,4.5382
Malaysia,2016,247.4841
Italy,2016,349.1697
Sudan,2016,23.9363
Tuvalu,2016,0.0
Brunei Darussalam,2016,7.8994
Hungary,2016,48.2651
Malawi,2016,4.9059
Iceland,2016,3.1789
Suriname,2016,2.9607
Madagascar,2016,3.2513
Brazil,2016,482.7112
India,2016,2311.977
Luxembourg,2016,9.0415
Indonesia,2016,507.0965
Sweden,2016,42.49
Lithuania,2016,13.5202
Botswana,2016,6.7524
Iraq,2016,155.0442
Kenya,2016,18.5033
Kazakhstan,2016,216.1249
Libya,2016,51.1525
Switzerland,2016,40.7885
Ireland,2016,39.5133
Liberia,2016,1.3852
Bosnia and Herzegovina,2016,23.5062
Israel,2016,67.5521
Lesotho,2016,0.6575
Syrian Arab Republic,2016,25.8772
Tonga,2016,0.1432
Azerbaijan,2016,34.4155
Bhutan,2016,1.4244
Thailand,2016,277.7638
Belgium,2016,101.3516
Togo,2016,2.1279
Djibouti,2016,0.7455
Paraguay,2016,7.5122
Afghanistan,2016,7.6117
Dominica,2016,0.0777
Peru,2016,57.5009
Papua New Guinea,2016,6.621
Denmark,2016,35.6784
Albania,2017,5.3613
Malaysia,2017,237.8324
Algeria,2017,166.3203
Guatemala,2017,17.0573
Cabo Verde,2017,0.8881
El Salvador,2017,6.6321
Solomon Islands,2017,0.2919
Mauritius,2017,4.2071
Cyprus,2017,7.3632
Sudan,2017,23.6627
Vanuatu,2017,0.1664
Tuvalu,2017,0.0
Trinidad and Tobago,2017,32.5451
Guam,2017,3.0E-4
Cambodia,2017,11.828
Mexico,2017,500.6875
Brunei Darussalam,2017,7.8716
Slovenia,2017,15.3443
Grenada,2017,0.128
Mongolia,2017,21.0753
Armenia,2017,5.6892
Hungary,2017,51.1346
Timor-Leste,2017,0.6218
Cameroon,2017,9.8633
Greenland,2017,0.5031
Jamaica,2017,7.3076
Malawi,2017,5.408
Uganda,2017,6.2539
Singapore,2017,56.8881
Morocco,2017,63.8616
Tunisia,2017,30.2963
Iceland,2017,3.3299
Greece,2017,68.3839
Canada,2017,591.893
Australia,2017,411.2113
Sierra Leone,2017,1.0446
Peru,2017,55.2172
Suriname,2017,2.4504
Madagascar,2017,3.5528
Mozambique,2017,8.3122
Kuwait,2017,97.4646
Gibraltar,2017,0.6498
Belize,2017,0.2847
Cayman Islands,2017,0.281
Brazil,2017,494.7579
Myanmar,2017,33.7539
Bahrain,2017,33.7521
American Samoa,2017,1.0E-4
Seychelles,2017,1.1528
Poland,2017,330.2221
India,2017,2441.2014
Luxembourg,2017,9.1884
Zimbabwe,2017,10.5878
Belarus,2017,60.2218
Uzbekistan,2017,118.2658
Ghana,2017,17.3725
Namibia,2017,3.7537
Palau,2017,1.1964
Indonesia,2017,535.7474
Central African Republic,2017,0.2647
Italy,2017,345.6817
Barbados,2017,0.6819
Germany,2017,774.4767
Senegal,2017,10.2029
Sweden,2017,41.8362
Zambia,2017,8.0384
Nauru,2017,0.0
Lithuania,2017,13.9642
Kiribati,2017,0.0691
Georgia,2017,11.1709
Chad,2017,2.2104
Botswana,2017,7.4408
Nepal,2017,13.1998
Saudi Arabia,2017,603.3295
Gabon,2017,5.7489
Netherlands,2017,168.176
Papua New Guinea,2017,5.7792
Iraq,2017,167.3453
Kenya,2017,19.2464
Kazakhstan,2017,226.4516
Argentina,2017,191.3736
Libya,2017,55.3948
French Polynesia,2017,0.8808
Chile,2017,89.7525
Bermuda,2017,0.2853
Sao Tome and Principe,2017,0.1491
New Caledonia,2017,4.3928
Jordan,2017,26.5502
Angola,2017,27.9951
France,2017,338.709
Turkmenistan,2017,72.1708
Switzerland,2017,39.8183
China,2017,10999.419
Ireland,2017,38.2632
Ukraine,2017,205.5813
Aruba,2017,0.4671
Liberia,2017,1.2306
Denmark,2017,33.5457
Bosnia and Herzegovina,2017,23.9898
Dominican Republic,2017,23.7887
Samoa,2017,0.3165
New Zealand,2017,36.2664
Uruguay,2017,6.4073
Japan,2017,1212.9423
Finland,2017,46.0759
Colombia,2017,80.9994
Nicaragua,2017,5.6825
Latvia,2017,7.4321
Turks and Caicos Islands,2017,0.0883
Ecuador,2017,41.0581
Israel,2017,67.8229
Rwanda,2017,1.3115
Lesotho,2017,0.7193
Czechia,2017,110.3808
Fiji,2017,1.5406
Niger,2017,1.9739
Faroe Islands,2017,0.002
Comoros,2017,0.2607
Russian Federation,2017,1763.2401
Nigeria,2017,116.0398
Syrian Arab Republic,2017,31.0807
Tonga,2017,0.1549
Ethiopia,2017,15.8736
North Macedonia,2017,7.9803
Thailand,2017,281.081
Costa Rica,2017,8.396
Bhutan,2017,1.4736
Antigua and Barbuda,2017,0.2772
Eswatini,2017,1.0618
Philippines,2017,135.646
Romania,2017,81.7983
Azerbaijan,2017,34.226
Northern Mariana Islands,2017,1.0E-4
United States,2017,4959.458
Estonia,2017,21.9647
Panama,2017,10.1483
Belgium,2017,99.7694
Croatia,2017,18.7971
Togo,2017,1.6554
Qatar,2017,114.1057
Tajikistan,2017,6.934
Norway,2017,47.4084
Eritrea,2017,0.5861
Oman,2017,81.3599
Cuba,2017,26.5091
Afghanistan,2017,10.3972
Djibouti,2017,0.6766
Paraguay,2017,8.4688
Bangladesh,2017,101.0415
United Arab Emirates,2017,204.4227
Maldives,2017,1.6081
Portugal,2017,55.1436
Benin,2017,7.2445
Haiti,2017,3.5867
Mali,2017,5.1611
Burkina Faso,2017,4.5408
Sri Lanka,2017,23.4107
Guyana,2017,2.4688
Spain,2017,278.3849
Equatorial Guinea,2017,4.887
Austria,2017,70.0851
Malta,2017,1.5582
Pakistan,2017,213.2958
Lebanon,2017,29.2967
Bulgaria,2017,49.2832
Guinea-Bissau,2017,0.3066
Burundi,2017,0.5463
Marshall Islands,2017,1.0E-4
Guinea,2017,3.2701
South Africa,2017,469.5833
Mauritania,2017,3.809
United Kingdom,2017,380.7118
Honduras,2017,9.3472
Dominica,2017,0.0692
Viet Nam,2017,229.2539
Guinea-Bissau,2018,0.3526
Malaysia,2018,254.2848
Northern Mariana Islands,2018,1.0E-4
El Salvador,2018,7.1022
Angola,2018,25.8142
Algeria,2018,174.8053
Guatemala,2018,18.7397
France,2018,328.5501
United States,2018,5118.3745
Cabo Verde,2018,0.7961
Italy,2018,340.3734
Solomon Islands,2018,0.3252
Mali,2018,5.782
Estonia,2018,23.6488
Mauritius,2018,4.1718
Vanuatu,2018,0.2288
Switzerland,2018,38.5179
Albania,2018,5.3341
Sudan,2018,23.6471
Lebanon,2018,27.4937
Denmark,2018,33.5379
Burkina Faso,2018,5.412
Cyprus,2018,7.214
Ireland,2018,38.0252
Guam,2018,3.0E-4
China,2018,11527.512
Equatorial Guinea,2018,5.3152
Cambodia,2018,12.3125
Ukraine,2018,218.3029
Mexico,2018,478.1534
Slovenia,2018,15.45
Brunei Darussalam,2018,8.0303
Aruba,2018,0.4653
Armenia,2018,5.9516
Belgium,2018,100.4585
Trinidad and Tobago,2018,32.6228
Belarus,2018,63.4486
Grenada,2018,0.1435
Liberia,2018,0.6419
Mauritania,2018,4.4355
Mongolia,2018,22.9567
Greenland,2018,0.5083
Croatia,2018,17.7661
Bosnia and Herzegovina,2018,24.0642
Hungary,2018,51.2595
Tajikistan,2018,8.2044
Togo,2018,1.9363
Cameroon,2018,10.5484
Samoa,2018,0.3447
Sri Lanka,2018,21.9829
Malawi,2018,5.4582
Panama,2018,9.9261
Poland,2018,329.6329
New Zealand,2018,35.6335
Uganda,2018,6.8571
Australia,2018,409.2476
Jamaica,2018,8.6911
Singapore,2018,54.2117
Japan,2018,1163.1278
Timor-Leste,2018,0.6666
Uruguay,2018,6.871
Morocco,2018,65.197
Greece,2018,66.5357
Qatar,2018,114.8966
Guyana,2018,2.5808
Finland,2018,47.4392
Burundi,2018,0.7765
Canada,2018,612.5836
Spain,2018,271.7891
Sierra Leone,2018,1.2108
Colombia,2018,85.3965
Latvia,2018,8.1079
Norway,2018,46.6404
Suriname,2018,2.1512
Belize,2018,0.2846
Iceland,2018,3.2946
Madagascar,2018,3.2753
Eritrea,2018,0.6551
Peru,2018,55.3468
Dominica,2018,0.0715
Mozambique,2018,8.0554
Benin,2018,8.251
Gibraltar,2018,0.6897
Oman,2018,84.3771
Israel,2018,63.4982
Rwanda,2018,1.4591
Brazil,2018,471.0836
Marshall Islands,2018,1.0E-4
Turkmenistan,2018,74.2318
Cayman Islands,2018,0.3092
Lesotho,2018,0.7577
Myanmar,2018,33.5187
Austria,2018,67.2508
Kuwait,2018,99.0797
Guinea,2018,3.7415
American Samoa,2018,1.0E-4
Seychelles,2018,1.0053
Turks and Caicos Islands,2018,0.1897
Nicaragua,2018,5.1803
Fiji,2018,1.6549
India,2018,2556.719
Luxembourg,2018,9.5448
Djibouti,2018,0.7356
Cuba,2018,26.7819
Thailand,2018,276.6537
Bahrain,2018,33.822
Niger,2018,2.0278
Uzbekistan,2018,112.7949
Faroe Islands,2018,0.0021
Ghana,2018,19.0565
Paraguay,2018,8.7429
Viet Nam,2018,282.0973
Namibia,2018,3.8098
Barbados,2018,0.7782
Comoros,2018,0.2073
Russian Federation,2018,1831.1328
Indonesia,2018,596.4692
Jordan,2018,25.2117
Argentina,2018,189.8171
Central African Republic,2018,0.2935
Tuvalu,2018,0.0
Czechia,2018,109.3448
Germany,2018,746.6974
Malta,2018,1.5674
Senegal,2018,10.7355
Syrian Arab Republic,2018,34.0047
Palau,2018,1.2305
Tonga,2018,0.1474
Sweden,2018,39.6483
United Arab Emirates,2018,187.2853
Afghanistan,2018,11.8099
Lithuania,2018,14.0184
Nigeria,2018,121.4082
Tunisia,2018,30.1881
Nauru,2018,0.0
Kiribati,2018,0.0759
Ethiopia,2018,17.4696
Georgia,2018,11.137
Bangladesh,2018,105.1823
Zimbabwe,2018,12.2724
Chad,2018,2.4139
Botswana,2018,8.2088
North Macedonia,2018,7.5427
Papua New Guinea,2018,4.904
Zambia,2018,9.1031
Azerbaijan,2018,34.7625
Nepal,2018,14.9259
Saudi Arabia,2018,580.0429
Portugal,2018,51.1078
Gabon,2018,5.4109
United Kingdom,2018,373.8821
Costa Rica,2018,8.4405
Netherlands,2018,163.095
French Polynesia,2018,0.7829
Bhutan,2018,1.7505
Maldives,2018,1.3863
Iraq,2018,180.9429
Dominican Republic,2018,25.6286
Philippines,2018,141.3358
Kenya,2018,19.1369
Kazakhstan,2018,229.3799
South Africa,2018,473.4182
Antigua and Barbuda,2018,0.2872
Libya,2018,57.2685
Eswatini,2018,1.0621
Ecuador,2018,42.2145
Bulgaria,2018,46.3135
Romania,2018,83.0019
Chile,2018,89.8194
Haiti,2018,3.5577
Sao Tome and Principe,2018,0.1525
Honduras,2018,9.0061
Bermuda,2018,0.3009
Pakistan,2018,202.3124
New Caledonia,2018,6.0252
Belarus,2019,61.2475
Trinidad and Tobago,2019,33.2231
Bahrain,2019,36.8474
Barbados,2019,0.8686
Tunisia,2019,30.2451
Turkmenistan,2019,73.2506
Bangladesh,2019,109.3222
Lebanon,2019,27.0043
Italy,2019,332.562
Lesotho,2019,0.7834
Israel,2019,65.3145
Liberia,2019,1.0095
Ireland,2019,36.369
Libya,2019,57.4746
Kazakhstan,2019,218.8149
Kenya,2019,19.4769
Iraq,2019,193.6481
Lithuania,2019,14.2965
Indonesia,2019,637.5692
Luxembourg,2019,9.6917
India,2019,2551.485
Madagascar,2019,4.0111
Iceland,2019,3.1768
Malawi,2019,5.6074
Hungary,2019,51.5028
Malaysia,2019,255.1651
Albania,2019,4.984
Viet Nam,2019,336.5288
Honduras,2019,10.1525
Maldives,2019,1.5153
Haiti,2019,3.5949
Mali,2019,6.1138
Guyana,2019,2.7934
Malta,2019,1.673
Guinea-Bissau,2019,0.3566
Marshall Islands,2019,1.0E-4
Guinea,2019,4.814
Mauritania,2019,4.4862
Algeria,2019,181.6864
Guatemala,2019,19.663
Mauritius,2019,4.2052
Vanuatu,2019,0.219
Guam,2019,4.0E-4
Mexico,2019,493.673
Grenada,2019,0.1804
Mongolia,2019,25.3355
Greenland,2019,0.5239
Morocco,2019,71.8694
Greece,2019,61.4927
Mozambique,2019,8.6293
Gibraltar,2019,0.7174
Myanmar,2019,34.3911
American Samoa,2019,1.0E-4
Uzbekistan,2019,115.1171
Kuwait,2019,96.8283
Ghana,2019,20.2766
Namibia,2019,3.8576
Kiribati,2019,0.0761
Germany,2019,696.5002
Nauru,2019,0.0
Georgia,2019,11.9227
Nepal,2019,13.4612
Gabon,2019,5.6528
Zambia,2019,9.034
Netherlands,2019,157.9744
French Polynesia,2019,0.785
New Caledonia,2019,5.7837
Angola,2019,26.9963
Japan,2019,1123.813
France,2019,322.9043
Uruguay,2019,7.1561
New Zealand,2019,37.2453
Finland,2019,44.1412
Nicaragua,2019,5.3239
Fiji,2019,1.619
Niger,2019,2.3731
Zimbabwe,2019,11.1706
Faroe Islands,2019,0.0021
Nigeria,2019,126.1061
Ethiopia,2019,18.4825
North Macedonia,2019,8.6778
Antigua and Barbuda,2019,0.3426
Eswatini,2019,1.1361
United States,2019,4967.912
Northern Mariana Islands,2019,1.0E-4
Estonia,2019,15.4629
Norway,2019,45.3466
Eritrea,2019,0.6736
Oman,2019,85.4259
Pakistan,2019,198.8407
El Salvador,2019,8.1068
Afghanistan,2019,12.1046
Palau,2019,1.2683
Ecuador,2019,41.9254
Panama,2019,13.1641
Argentina,2019,183.2687
United Kingdom,2019,359.0131
Dominican Republic,2019,28.4615
Papua New Guinea,2019,5.0364
Dominica,2019,0.0862
Paraguay,2019,8.5218
Djibouti,2019,0.8336
Peru,2019,58.1719
Denmark,2019,30.0794
Philippines,2019,147.9244
Czechia,2019,103.7793
Poland,2019,312.0707
Jordan,2019,23.2902
Armenia,2019,6.4247
Cyprus,2019,7.2168
Portugal,2019,46.4279
United Arab Emirates,2019,197.8494
Cuba,2019,22.292
Qatar,2019,117.6635
Croatia,2019,17.9722
Romania,2019,81.1522
Costa Rica,2019,8.193
Russian Federation,2019,1858.002
Comoros,2019,0.226
Rwanda,2019,1.5151
Colombia,2019,86.0607
Samoa,2019,0.3735
Latvia,2019,7.9078
Aruba,2019,0.5095
Ukraine,2019,207.9097
China,2019,11813.059
Sao Tome and Principe,2019,0.1591
Chile,2019,95.2476
Saudi Arabia,2019,579.8088
Chad,2019,2.3645
Senegal,2019,11.0288
Central African Republic,2019,0.3024
Seychelles,2019,0.8948
Cayman Islands,2019,0.3935
Sierra Leone,2019,1.2073
Jamaica,2019,8.4395
Canada,2019,609.0758
Singapore,2019,55.8876
Australia,2019,407.9086
Uganda,2019,7.0646
Cameroon,2019,10.2711
Slovenia,2019,14.8261
Cambodia,2019,15.7108
Solomon Islands,2019,0.3193
Cabo Verde,2019,0.8379
South Africa,2019,477.5446
Burundi,2019,0.7652
Spain,2019,254.3514
Burkina Faso,2019,5.6993
Sri Lanka,2019,23.973
Austria,2019,68.7767
Tuvalu,2019,0.0
Bulgaria,2019,44.6358
Sudan,2019,23.4708
Brunei Darussalam,2019,7.6035
Suriname,2019,2.6613
Brazil,2019,468.5794
Sweden,2019,39.4951
Botswana,2019,7.342
Switzerland,2019,38.3954
Bosnia and Herzegovina,2019,22.5975
Syrian Arab Republic,2019,33.3171
Bhutan,2019,1.8063
Tajikistan,2019,9.0405
Azerbaijan,2019,36.9819
Turks and Caicos Islands,2019,0.2211
Bermuda,2019,0.3025
Thailand,2019,286.4704
Benin,2019,8.1435
Timor-Leste,2019,0.7283
Belize,2019,0.3982
Togo,2019,2.1053
Belgium,2019,100.3135
Tonga,2019,0.1655
Equatorial Guinea,2019,5.1224
Jordan,2020,20.948
Kuwait,2020,92.9479
Japan,2020,1060.2269
Latvia,2020,7.2771
Jamaica,2020,5.9229
Lebanon,2020,21.8207
Italy,2020,295.2134
Lesotho,2020,0.7032
Israel,2020,61.3925
Liberia,2020,0.8348
Ireland,2020,34.2933
Libya,2020,45.7025
Iraq,2020,183.8743
Lithuania,2020,14.2541
Indonesia,2020,596.2839
Luxembourg,2020,7.9929
India,2020,2356.959
Madagascar,2020,3.1281
Iceland,2020,3.0717
Malawi,2020,5.2063
Hungary,2020,49.6521
Malaysia,2020,253.08
Honduras,2020,9.222
Maldives,2020,1.208
Haiti,2020,3.4445
Mali,2020,6.8432
Guyana,2020,3.3298
Malta,2020,1.6204
Guinea-Bissau,2020,0.3363
Marshall Islands,2020,1.0E-4
Guinea,2020,5.3934
Mauritania,2020,4.6354
Guatemala,2020,17.6187
Mauritius,2020,3.745
Guam,2020,4.0E-4
Mexico,2020,439.0381
Grenada,2020,0.1536
Mongolia,2020,22.5155
Greenland,2020,0.5275
Morocco,2020,67.5867
Greece,2020,52.3606
Mozambique,2020,7.9534
Gibraltar,2020,0.6394
Myanmar,2020,34.7186
Ghana,2020,22.9458
Namibia,2020,3.5444
Germany,2020,642.0878
Nauru,2020,0.0
Georgia,2020,11.5406
Nepal,2020,16.4562
Gabon,2020,5.5287
Netherlands,2020,142.1604
French Polynesia,2020,0.715
Zambia,2020,9.531
New Caledonia,2020,5.6478
France,2020,287.0868
New Zealand,2020,34.6699
Finland,2020,39.474
Nicaragua,2020,4.7462
Fiji,2020,1.0743
Niger,2020,2.4096
Faroe Islands,2020,0.0021
Nigeria,2020,118.9178
Ethiopia,2020,18.0158
North Macedonia,2020,7.5804
Eswatini,2020,0.9606
Northern Mariana Islands,2020,1.0E-4
Estonia,2020,12.1329
Norway,2020,43.7079
Eritrea,2020,0.6715
Oman,2020,82.166
Equatorial Guinea,2020,4.9101
Afghanistan,2020,12.1436
Pakistan,2020,222.5997
El Salvador,2020,6.6535
Palau,2020,1.2764
Ecuador,2020,36.5986
Panama,2020,9.7127
Dominican Republic,2020,26.926
Papua New Guinea,2020,5.4744
Dominica,2020,0.0771
Paraguay,2020,7.8549
Djibouti,2020,0.7459
Peru,2020,47.5328
Denmark,2020,27.7879
Philippines,2020,136.3845
Czechia,2020,94.8596
Poland,2020,296.8799
Cyprus,2020,6.8024
Portugal,2020,40.6444
Cuba,2020,18.4817
Qatar,2020,115.3371
Croatia,2020,17.1915
Romania,2020,75.7011
Costa Rica,2020,7.1754
Russian Federation,2020,1784.1991
Comoros,2020,0.2687
Rwanda,2020,1.4554
Colombia,2020,84.3026
Samoa,2020,0.3132
China,2020,11964.129
Sao Tome and Principe,2020,0.1541
Chile,2020,87.5108
Saudi Arabia,2020,577.1045
Chad,2020,2.4133
Senegal,2020,10.8149
Central African Republic,2020,0.3184
Seychelles,2020,0.8388
Cayman Islands,2020,0.3319
Sierra Leone,2020,1.2307
Canada,2020,548.4454
Singapore,2020,53.8768
Cameroon,2020,10.388
Slovenia,2020,13.5406
Cambodia,2020,18.6332
Solomon Islands,2020,0.3077
Cabo Verde,2020,0.6283
South Africa,2020,450.8617
Burundi,2020,0.9258
Spain,2020,214.4546
Burkina Faso,2020,5.7011
Sri Lanka,2020,22.6144
Bulgaria,2020,39.4151
Sudan,2020,21.6685
Brunei Darussalam,2020,10.1279
Suriname,2020,2.6044
Brazil,2020,447.921
Sweden,2020,38.0388
Botswana,2020,6.0919
Switzerland,2020,35.9401
Bosnia and Herzegovina,2020,22.5364
Syrian Arab Republic,2020,31.7492
Bhutan,2020,1.4131
Tajikistan,2020,9.3881
Bermuda,2020,0.2142
Thailand,2020,275.6334
Benin,2020,8.7059
Timor-Leste,2020,0.6794
Belize,2020,0.3186
Togo,2020,2.4218
Belgium,2020,91.9274
Tonga,2020,0.1865
Belarus,2020,58.1601
Trinidad and Tobago,2020,29.8017
Barbados,2020,0.6726
Tunisia,2020,28.7185
Bangladesh,2020,104.1229
Turkmenistan,2020,76.8253
Bahrain,2020,36.8402
Turks and Caicos Islands,2020,0.2149
Azerbaijan,2020,35.4067
Tuvalu,2020,0.0
Austria,2020,62.9162
Uganda,2020,7.1198
Australia,2020,392.5458
Ukraine,2020,198.8972
Aruba,2020,0.4887
United Arab Emirates,2020,195.6742
Armenia,2020,6.9145
United Kingdom,2020,319.6964
Argentina,2020,168.1154
United States,2020,4466.8765
Antigua and Barbuda,2020,0.326
Uruguay,2020,6.9135
Angola,2020,20.538
Zimbabwe,2020,9.0746
Uzbekistan,2020,123.9451
American Samoa,2020,1.0E-4
Vanuatu,2020,0.2515
Algeria,2020,171.9505
Viet Nam,2020,348.3315
Albania,2020,4.5676
Kenya,2020,19.1646
Kazakhstan,2020,225.4957
Kiribati,2020,0.0737
Sudan,2021,23.6032
Ireland,2021,36.3826
Iceland,2021,3.1637
Belarus,2021,58.6423
Kazakhstan,2021,241.9078
Senegal,2021,13.1241
Chad,2021,2.7311
Greece,2021,53.7151
Uzbekistan,2021,134.3607
Malawi,2021,6.1189
Mozambique,2021,9.1439
Tajikistan,2021,9.4268
Bahrain,2021,37.3578
Saudi Arabia,2021,590.321
Chile,2021,89.1084
Netherlands,2021,145.8948
Bhutan,2021,1.5445
Gabon,2021,5.3647
Hungary,2021,50.986
Northern Mariana Islands,2021,1.0E-4
Niger,2021,2.8588
Sao Tome and Principe,2021,0.1583
China,2021,12551.864
Kiribati,2021,0.0805
Libya,2021,58.3609
Spain,2021,233.1927
Ukraine,2021,194.1363
Fiji,2021,1.3427
Eswatini,2021,0.9892
Malaysia,2021,257.9155
Nepal,2021,17.383
Georgia,2021,12.3432
Tuvalu,2021,0.0
Aruba,2021,0.5074
Latvia,2021,7.5304
Albania,2021,5.1122
Grenada,2021,0.1608
Togo,2021,2.534
Ghana,2021,24.4916
Samoa,2021,0.3435
Colombia,2021,92.1683
Namibia,2021,3.7053
Burundi,2021,0.8974
Zimbabwe,2021,10.8831
Viet Nam,2021,336.1703
Syrian Arab Republic,2021,32.0363
Nauru,2021,0.0
Rwanda,2021,1.7066
Comoros,2021,0.3972
Germany,2021,670.667
Bosnia and Herzegovina,2021,23.0097
United States,2021,4754.3784
Honduras,2021,10.3706
Belgium,2021,96.0214
Nicaragua,2021,5.1925
Russian Federation,2021,1938.4596
Costa Rica,2021,8.0531
Thailand,2021,268.5767
Belize,2021,0.3361
Maldives,2021,1.6808
Norway,2021,44.4278
Bangladesh,2021,117.7683
Kenya,2021,21.5155
Romania,2021,80.7465
Croatia,2021,17.5067
Bermuda,2021,0.2447
Finland,2021,39.3124
South Africa,2021,448.5635
Haiti,2021,3.4083
Cabo Verde,2021,0.6479
North Macedonia,2021,7.634
Qatar,2021,118.4421
Cuba,2021,21.7552
Greenland,2021,0.5484
Gibraltar,2021,0.6416
Mali,2021,7.3008
Myanmar,2021,31.8377
Switzerland,2021,37.6301
Trinidad and Tobago,2021,28.6842
Portugal,2021,38.962
Japan,2021,1080.206
United Arab Emirates,2021,199.421
Sri Lanka,2021,22.8196
Botswana,2021,6.5464
Solomon Islands,2021,0.3326
Guyana,2021,3.3211
Cambodia,2021,18.4826
Ethiopia,2021,19.0941
Armenia,2021,7.4634
New Zealand,2021,34.7093
Cyprus,2021,6.9192
Iraq,2021,199.7098
Malta,2021,1.6274
Lithuania,2021,14.3318
Italy,2021,330.3484
Turkmenistan,2021,95.4323
Poland,2021,324.0123
Czechia,2021,99.5152
Zambia,2021,9.6802
Lesotho,2021,0.7644
Slovenia,2021,13.8601
Cameroon,2021,10.3491
Barbados,2021,0.6515
Bulgaria,2021,45.8711
Philippines,2021,145.6114
Denmark,2021,29.5641
Jamaica,2021,6.4724
Uruguay,2021,8.5518
Guinea-Bissau,2021,0.336
Marshall Islands,2021,1.0E-4
Sweden,2021,40.4785
Mongolia,2021,24.8887
Peru,2021,59.6288
Djibouti,2021,0.8197
Turks and Caicos Islands,2021,0.215
Brazil,2021,506.2334
Indonesia,2021,622.6868
Uganda,2021,8.1105
Burkina Faso,2021,6.4371
Morocco,2021,73.1296
Paraguay,2021,7.9771
Dominica,2021,0.0764
Luxembourg,2021,8.3806
Lebanon,2021,16.715
Guinea,2021,5.0777
Mauritania,2021,4.4111
Estonia,2021,12.9256
Austria,2021,66.2034
Papua New Guinea,2021,5.3867
Dominican Republic,2021,29.6681
Benin,2021,6.7467
Australia,2021,384.7347
Angola,2021,25.5641
Kuwait,2021,99.8995
Tonga,2021,0.2065
Singapore,2021,55.7179
United Kingdom,2021,337.9148
Canada,2021,561.7344
Suriname,2021,2.7191
Guatemala,2021,20.2047
Algeria,2021,181.3215
Brunei Darussalam,2021,9.9862
France,2021,316.7044
Argentina,2021,185.676
Tunisia,2021,31.0178
Nigeria,2021,130.9005
Panama,2021,10.7711
Ecuador,2021,41.1607
India,2021,2597.9343
Mexico,2021,452.7201
American Samoa,2021,1.0E-4
Vanuatu,2021,0.2909
Sierra Leone,2021,1.4724
Cayman Islands,2021,0.3141
Palau,2021,1.329
El Salvador,2021,7.532
Faroe Islands,2021,0.0021
Israel,2021,60.972
Mauritius,2021,3.9879
Jordan,2021,21.7432
Liberia,2021,0.8408
Madagascar,2021,4.103
Pakistan,2021,229.1366
Equatorial Guinea,2021,5.0308
Antigua and Barbuda,2021,0.3315
Timor-Leste,2021,0.7107
Azerbaijan,2021,37.4242
Guam,2021,3.0E-4
New Caledonia,2021,4.6621
Seychelles,2021,0.7882
Oman,2021,87.7273
Afghanistan,2021,12.4864
Eritrea,2021,0.7119
Central African Republic,2021,0.3227
French Polynesia,2021,0.64
Belarus,2022,55.8945
Norway,2022,43.5471
Afghanistan,2022,11.298
Estonia,2022,15.0182
Bulgaria,2022,49.4431
Mexico,2022,452.9546
Grenada,2022,0.1694
Northern Mariana Islands,2022,1.0E-4
United States,2022,4815.7666
Tuvalu,2022,0.0
Mongolia,2022,24.9553
Benin,2022,7.0594
Antigua and Barbuda,2022,0.343
Liberia,2022,0.8686
Eswatini,2022,1.0765
Ireland,2022,35.6861
Greenland,2022,0.5904
North Macedonia,2022,8.2042
Ethiopia,2022,18.3349
Austria,2022,62.6472
Morocco,2022,72.3256
Nigeria,2022,129.0417
Greece,2022,55.1164
Faroe Islands,2022,0.0021
Niger,2022,3.2178
Fiji,2022,1.4343
Libya,2022,58.1734
Mozambique,2022,10.8972
Gibraltar,2022,0.6357
Bahrain,2022,38.8307
Nicaragua,2022,5.2612
Zambia,2022,10.5712
Finland,2022,37.1238
Sri Lanka,2022,20.7971
New Zealand,2022,32.1246
Kuwait,2022,102.6178
Uruguay,2022,8.093
Myanmar,2022,31.031
Kiribati,2022,0.0758
Burkina Faso,2022,6.4885
Angola,2022,26.6839
France,2022,307.6802
Belgium,2022,89.6767
American Samoa,2022,1.0E-4
New Caledonia,2022,4.6157
French Polynesia,2022,0.9258
Uzbekistan,2022,128.9082
Thailand,2022,284.314
Netherlands,2022,133.114
Gabon,2022,5.5833
Spain,2022,238.6544
Ghana,2022,23.7878
Cyprus,2022,7.2231
Nepal,2022,15.0454
Georgia,2022,13.463
Kazakhstan,2022,246.5276
Nauru,2022,0.0
Germany,2022,658.0886
Burundi,2022,0.9301
Namibia,2022,3.5799
Kenya,2022,21.9726
South Africa,2022,429.3281
Cabo Verde,2022,0.6801
Bermuda,2022,0.2575
Jordan,2022,23.338
Iraq,2022,222.2784
Solomon Islands,2022,0.299
Cambodia,2022,18.3849
Turkmenistan,2022,101.2613
Slovenia,2022,13.3893
Cameroon,2022,10.4339
Lithuania,2022,13.1703
Indonesia,2022,722.6996
Uganda,2022,7.9541
Turks and Caicos Islands,2022,0.2205
Luxembourg,2022,7.2657
Trinidad and Tobago,2022,28.4989
Australia,2022,378.0651
Lebanon,2022,10.435
Singapore,2022,56.3467
Canada,2022,575.8352
India,2022,2807.0806
Barbados,2022,0.6889
Sierra Leone,2022,1.4668
Cayman Islands,2022,0.3582
Azerbaijan,2022,39.6836
Madagascar,2022,4.384
Seychelles,2022,0.8424
Central African Republic,2022,0.3225
Iceland,2022,3.2394
Senegal,2022,14.5438
Chad,2022,2.865
Tajikistan,2022,9.5606
Malawi,2022,5.6023
Saudi Arabia,2022,620.4308
Chile,2022,90.4279
Hungary,2022,47.5733
Bhutan,2022,1.5172
Sao Tome and Principe,2022,0.1412
China,2022,12518.685
Togo,2022,2.6044
Latvia,2022,6.9268
Ukraine,2022,119.345
Tunisia,2022,30.3588
Malaysia,2022,276.9845
Bangladesh,2022,120.8657
Aruba,2022,0.5355
Albania,2022,4.5239
Samoa,2022,0.3324
Colombia,2022,88.3446
Syrian Arab Republic,2022,31.1656
Viet Nam,2022,343.9999
Rwanda,2022,2.2012
Comoros,2022,0.4298
Honduras,2022,10.5707
Bosnia and Herzegovina,2022,22.3986
Russian Federation,2022,1895.4729
Costa Rica,2022,8.1977
Maldives,2022,1.7895
Romania,2022,75.6755
Croatia,2022,17.6346
Italy,2022,331.006
Haiti,2022,3.3893
Belize,2022,0.3545
Qatar,2022,120.1007
Cuba,2022,19.7637
Switzerland,2022,34.4805
Mali,2022,7.4928
Portugal,2022,39.6684
United Arab Emirates,2022,195.184
Guyana,2022,3.684
Botswana,2022,6.8377
Armenia,2022,7.7742
Japan,2022,1050.5032
Tonga,2022,0.1614
Malta,2022,1.7963
Poland,2022,307.9616
Czechia,2022,97.6888
Zimbabwe,2022,11.5572
Guinea-Bissau,2022,0.3439
Philippines,2022,151.7004
Denmark,2022,28.4942
Sweden,2022,37.7526
Peru,2022,63.74
Djibouti,2022,0.8668
Marshall Islands,2022,1.0E-4
Guinea,2022,5.2208
Brazil,2022,479.2664
Paraguay,2022,8.0051
Dominica,2022,0.0812
Lesotho,2022,0.9811
Papua New Guinea,2022,5.5295
Dominican Republic,2022,32.1128
Israel,2022,63.6364
Mauritania,2022,5.0263
Guatemala,2022,18.9518
Suriname,2022,2.8628
United Kingdom,2022,324.9949
Argentina,2022,195.0411
Algeria,2022,189.1886
Panama,2022,11.4431
Ecuador,2022,44.1693
Brunei Darussalam,2022,9.5371
Vanuatu,2022,0.2709
Timor-Leste,2022,0.6946
Palau,2022,1.3981
El Salvador,2022,8.4658
Mauritius,2022,4.0499
Pakistan,2022,235.3725
Equatorial Guinea,2022,5.0888
Guam,2022,3.0E-4
Sudan,2022,21.4434
Oman,2022,93.1054
Eritrea,2022,0.7499
Jamaica,2022,7.5151
Belarus,2023,53.8204
Tonga,2023,0.1618
Belgium,2023,85.7301
Togo,2023,2.5313
Belize,2023,0.3756
Timor-Leste,2023,0.6644
Benin,2023,6.8922
Thailand,2023,275.0344
Bermuda,2023,0.2583
Turks and Caicos Islands,2023,0.2212
Azerbaijan,2023,41.7458
Tajikistan,2023,9.3204
Bhutan,2023,1.5607
Syrian Arab Republic,2023,31.3571
Bosnia and Herzegovina,2023,20.8288
Switzerland,2023,33.6661
Botswana,2023,6.7207
Sweden,2023,36.6683
Brazil,2023,480.235
Suriname,2023,2.496
Brunei Darussalam,2023,9.7036
Sudan,2023,21.7036
Jamaica,2023,7.7039
Tuvalu,2023,0.0
Austria,2023,58.4761
Bulgaria,2023,36.9706
Sri Lanka,2023,21.5803
Burkina Faso,2023,6.2637
Spain,2023,220.9934
Burundi,2023,0.9495
South Africa,2023,427.2669
Cabo Verde,2023,0.6508
Solomon Islands,2023,0.2998
Cambodia,2023,18.9162
Slovenia,2023,12.6186
Cameroon,2023,10.3329
Singapore,2023,56.1013
Uganda,2023,8.1166
Australia,2023,377.4957
Latvia,2023,6.9004
Canada,2023,567.0969
Sierra Leone,2023,1.4104
Cayman Islands,2023,0.3594
Seychelles,2023,0.8395
Central African Republic,2023,0.3325
Senegal,2023,13.717
Chad,2023,2.9088
Saudi Arabia,2023,635.4338
Chile,2023,77.0074
Sao Tome and Principe,2023,0.1456
China,2023,13021.242
Ukraine,2023,121.6952
Aruba,2023,0.5371
Samoa,2023,0.3333
Colombia,2023,92.7973
Rwanda,2023,2.2883
Comoros,2023,0.4383
Russian Federation,2023,1948.3024
Costa Rica,2023,8.0978
Romania,2023,70.2532
Croatia,2023,18.6644
Qatar,2023,129.1964
Cuba,2023,20.0277
Portugal,2023,37.4114
United Arab Emirates,2023,192.6964
Armenia,2023,7.4987
Cyprus,2023,7.2032
Poland,2023,280.6501
Czechia,2023,85.6093
Philippines,2023,162.4527
Denmark,2023,26.2104
Peru,2023,65.0789
Djibouti,2023,0.88
Paraguay,2023,7.7424
Dominica,2023,0.0814
Papua New Guinea,2023,5.498
Dominican Republic,2023,32.7889
Panama,2023,12.7389
Japan,2023,1002.4382
United Kingdom,2023,304.7866
Argentina,2023,189.8908
Ecuador,2023,46.7901
Palau,2023,1.3979
El Salvador,2023,9.2365
Pakistan,2023,208.8895
Equatorial Guinea,2023,4.7651
Oman,2023,95.7346
Eritrea,2023,0.7642
Norway,2023,41.6042
Estonia,2023,11.4741
Northern Mariana Islands,2023,1.0E-4
Afghanistan,2023,11.6486
United States,2023,4618.2676
Antigua and Barbuda,2023,0.3441
Kuwait,2023,110.1591
Eswatini,2023,1.0784
North Macedonia,2023,8.0203
Ethiopia,2023,19.0165
Nigeria,2023,125.8687
Faroe Islands,2023,0.0021
Niger,2023,3.1629
Zambia,2023,11.3586
Fiji,2023,1.4378
Nicaragua,2023,5.5369
Finland,2023,32.8867
New Zealand,2023,31.776
Uruguay,2023,8.1908
Angola,2023,27.336
France,2023,284.1541
New Caledonia,2023,4.8646
French Polynesia,2023,0.9282
Netherlands,2023,122.9178
Gabon,2023,5.1205
Nepal,2023,15.432
Georgia,2023,13.5563
Nauru,2023,0.0
Germany,2023,589.6596
Namibia,2023,3.6138
Ghana,2023,23.2246
Uzbekistan,2023,132.6306
American Samoa,2023,1.0E-4
Myanmar,2023,31.241
Gibraltar,2023,0.6292
Mozambique,2023,10.719
Greece,2023,51.2379
Morocco,2023,70.0459
Greenland,2023,0.5849
Mongolia,2023,27.1526
Grenada,2023,0.1699
Mexico,2023,475.5955
Guam,2023,3.0E-4
Mauritius,2023,4.3225
Kiribati,2023,0.076
Vanuatu,2023,0.2717
Algeria,2023,190.5786
Guatemala,2023,20.1279
Mauritania,2023,4.8274
Guinea,2023,5.0264
Marshall Islands,2023,1.0E-4
Guinea-Bissau,2023,0.3293
Malta,2023,1.7877
Guyana,2023,3.7405
Mali,2023,7.177
Haiti,2023,3.3805
Maldives,2023,1.7942
Honduras,2023,11.8491
Viet Nam,2023,390.7253
Albania,2023,4.2226
Jordan,2023,24.0408
Malaysia,2023,282.3786
Hungary,2023,42.9776
Malawi,2023,4.7047
Iceland,2023,3.22
Madagascar,2023,4.5942
India,2023,3014.5227
Luxembourg,2023,6.9416
Indonesia,2023,772.5618
Lithuania,2023,12.9794
Iraq,2023,232.976
Kenya,2023,21.2679
Kazakhstan,2023,255.4342
Libya,2023,63.2042
Ireland,2023,32.8629
Liberia,2023,0.8395
Israel,2023,60.4805
Lesotho,2023,0.9915
Zimbabwe,2023,12.566
Italy,2023,304.3081
Lebanon,2023,10.8188
Bangladesh,2023,118.9891
Tunisia,2023,31.2092
Turkmenistan,2023,94.7287
Bahrain,2023,38.689
Barbados,2023,0.6906
Trinidad and Tobago,2023,26.9495
Guam,2024,3.0E-4
Mauritius,2024,4.4055
Sudan,2024,21.8678
Pakistan,2024,203.9883
El Salvador,2024,9.5434
Brunei Darussalam,2024,9.3667
Palau,2024,1.4659
Ecuador,2024,47.9638
Suriname,2024,2.5765
Vanuatu,2024,0.2851
Algeria,2024,186.3584
Timor-Leste,2024,0.6994
Japan,2024,972.267
Argentina,2024,183.272
Kiribati,2024,0.0797
United Kingdom,2024,292.4194
Panama,2024,12.365
Israel,2024,57.6654
Guatemala,2024,20.3694
Mauritania,2024,5.0116
Lesotho,2024,1.0006
Dominican Republic,2024,34.2225
Papua New Guinea,2024,5.4677
Dominica,2024,0.0843
Paraguay,2024,8.0253
Belize,2024,0.3889
Guinea,2024,5.2054
Marshall Islands,2024,1.0E-4
Brazil,2024,491.4688
Djibouti,2024,0.8947
Peru,2024,69.2652
Denmark,2024,25.5708
Philippines,2024,174.1143
Sweden,2024,37.7742
Guinea-Bissau,2024,0.3422
Malta,2024,1.8083
Togo,2024,2.6276
Czechia,2024,77.7492
Poland,2024,276.0619
Cyprus,2024,7.3411
Armenia,2024,7.4936
United Arab Emirates,2024,200.559
Botswana,2024,6.9016
Guyana,2024,3.7886
Mali,2024,7.4121
Switzerland,2024,33.7321
Portugal,2024,35.5573
Cuba,2024,21.0042
Qatar,2024,135.2669
Croatia,2024,18.6796
Belarus,2024,54.2158
Haiti,2024,3.5138
Maldives,2024,1.8824
Italy,2024,299.2285
Romania,2024,70.8832
Costa Rica,2024,8.3763
Russian Federation,2024,2009.154
Comoros,2024,0.4463
Lebanon,2024,11.0041
Honduras,2024,12.2928
Jordan,2024,24.144
Rwanda,2024,2.3114
Colombia,2024,95.0793
Barbados,2024,0.7128
Viet Nam,2024,430.8192
Albania,2024,4.2437
Bosnia and Herzegovina,2024,20.4074
Samoa,2024,0.3498
China,2024,13124.728
Syrian Arab Republic,2024,31.4498
Malaysia,2024,295.9542
Trinidad and Tobago,2024,26.7934
Aruba,2024,0.556
Ukraine,2024,118.4778
Sao Tome and Principe,2024,0.1477
Chile,2024,77.8226
Bangladesh,2024,124.1907
Hungary,2024,42.6269
Malawi,2024,4.7949
Tunisia,2024,32.1799
Saudi Arabia,2024,652.511
Chad,2024,2.8928
Senegal,2024,14.2023
Central African Republic,2024,0.3374
Eritrea,2024,0.778
Iceland,2024,3.293
Madagascar,2024,4.6827
Bhutan,2024,1.5919
Seychelles,2024,0.8782
Cayman Islands,2024,0.372
Sierra Leone,2024,1.4618
Canada,2024,577.9726
Azerbaijan,2024,38.8875
India,2024,3153.829
Luxembourg,2024,7.1474
Turks and Caicos Islands,2024,0.2291
Australia,2024,383.4031
Uganda,2024,8.2549
Latvia,2024,6.8072
Singapore,2024,58.8681
Tajikistan,2024,9.7699
Indonesia,2024,812.2042
Lithuania,2024,12.97
Bermuda,2024,0.2673
Cameroon,2024,10.2929
Slovenia,2024,13.3314
Cambodia,2024,19.4392
Solomon Islands,2024,0.3145
Belgium,2024,86.6463
Iraq,2024,238.6704
Cabo Verde,2024,0.6762
South Africa,2024,440.1678
Burundi,2024,0.9687
Turkmenistan,2024,81.408
Kenya,2024,21.6387
Kazakhstan,2024,258.8037
Bahrain,2024,37.9692
Namibia,2024,3.6498
Zimbabwe,2024,12.8554
Germany,2024,579.9356
Nauru,2024,0.0
Georgia,2024,13.4674
Nepal,2024,15.8919
Spain,2024,220.0839
Ghana,2024,24.171
Gabon,2024,5.1985
Netherlands,2024,118.7909
French Polynesia,2024,0.9739
Burkina Faso,2024,6.4757
Uzbekistan,2024,148.5388
American Samoa,2024,1.0E-4
Libya,2024,63.9534
New Caledonia,2024,4.9983
France,2024,274.4505
Angola,2024,28.1004
Myanmar,2024,31.3628
Tonga,2024,0.1698
Uruguay,2024,8.6953
New Zealand,2024,31.8146
Finland,2024,31.1074
Nicaragua,2024,5.7393
Sri Lanka,2024,23.3347
Gibraltar,2024,0.6351
Mozambique,2024,10.1127
Bulgaria,2024,34.1885
Fiji,2024,1.5067
Niger,2024,3.2142
Faroe Islands,2024,0.0021
Zambia,2024,11.5732
Jamaica,2024,8.074
Greece,2024,52.5087
Morocco,2024,70.0409
Austria,2024,58.0304
Nigeria,2024,131.9101
Ethiopia,2024,19.3648
Afghanistan,2024,12.0684
North Macedonia,2024,7.2973
Eswatini,2024,1.0941
Thailand,2024,283.8091
Greenland,2024,0.5941
Mongolia,2024,27.6578
Ireland,2024,32.5693
Antigua and Barbuda,2024,0.3562
United States,2024,4632.165
Kuwait,2024,115.9313
Northern Mariana Islands,2024,1.0E-4
Liberia,2024,0.8671
Grenada,2024,0.1759
Mexico,2024,475.9921
Benin,2024,7.0481
Estonia,2024,10.6485
Norway,2024,39.9995
Oman,2024,98.5112
Equatorial Guinea,2024,4.8269
Tuvalu,2024,0.0
